scenario_id,emissionBased,sampleFraction,startDay,adlWorstCase,btcBaseRate,btcRateMultiplier,btcPositionMultiplier,btcReferenceNotional,ethBaseRate,ethRateMultiplier,ethPositionMultiplier,ethReferenceNotional,stakerPct,nTrades,nLiquidated,liqPct,finalLp,finalPaper,finalStakers,finalFrontend,traderLoss,traderWin,traderNet,lpGained,lpLost,lpMin,lpMax,totalVolume,maxOi,marginalMintRate,feesPerStakedPaper,costPerPaper,tailProgress,maxDebt,maxQueueLen,totalQueued,totalQueuePaid,queueRemaining,debtRemaining,avgQueueWait,finalBtcLp,finalEthLp,btcNTrades,ethNTrades,btcNLiq,ethNLiq,btcLiqPct,ethLiqPct,btcTraderLoss,ethTraderLoss,btcTraderWin,ethTraderWin
br=0.1_btcRN=100000_ethRN=100000_flow=100%_start=d0_adl=off_emOff,False,1.0,0,False,0.1,15000.0,1384615385.0,100000.0,0.1,15000.0,923076923.0,100000.0,0.01,3600657,2994834,83.17,5000000.0,8625944157.57,248107424.5,2873363.8,282782597.24,26801808.94,-255980788.31,31892837.87,26801808.94,1155431.51,5000000.0,349967706772.3,6430541278.0,8.9746,0.028763,0.032783,280566384.97,45.85,3,3,3,0,-0.0,0.0,775342.62,4315686.31,2617543,983114,2095355,899479,80.05,91.493,172252323.61,110530273.64,18719636.51,8082172.42
br=0.1_btcRN=100000_ethRN=100000_flow=100%_start=d0_adl=off_emOn,True,1.0,0,False,0.1,15000.0,1384615385.0,100000.0,0.1,15000.0,923076923.0,100000.0,0.01,3600657,2994834,83.17,5000000.0,6399950744.12,111851060.31,1315486.6,129596247.1,11429700.18,-118166546.92,16468701.72,11429700.18,1155431.51,5000000.0,150213967596.88,6430541278.0,23.5298,0.017477,0.02025,127384290.95,45.85,3,3,3,0,-0.0,0.0,1713807.98,3325193.55,2617543,983114,2095355,899479,80.05,91.493,72804722.14,56791524.96,7367133.87,4062566.31
br=0.1_btcRN=100000_ethRN=100000_flow=100%_start=d0_adl=on_emOff,False,1.0,0,True,0.1,15000.0,1384615385.0,100000.0,0.1,15000.0,923076923.0,100000.0,0.01,3600657,2994834,83.17,5000000.0,8625944157.57,248039771.69,2873439.86,282782597.24,26869385.69,-255913211.55,31960566.73,26869385.69,1155431.51,5000000.0,349967706772.3,6430541278.0,8.9746,0.028755,0.032783,280566384.97,45.85,3,3,3,0,-0.0,0.0,749602.39,4341578.65,2617543,983114,2095355,899479,80.05,91.493,172252323.61,110530273.64,18782880.78,8086504.91
br=0.1_btcRN=100000_ethRN=100000_flow=100%_start=d0_adl=on_emOn,True,1.0,0,True,0.1,15000.0,1384615385.0,100000.0,0.1,15000.0,923076923.0,100000.0,0.01,3600657,2994834,83.17,5000000.0,6399950744.12,111822331.42,1315518.9,129596247.1,11458396.77,-118137850.33,16497462.91,11458396.77,1155431.51,5000000.0,150213967596.88,6430541278.0,23.5298,0.017472,0.02025,127384290.95,45.85,3,3,3,0,-0.0,0.0,1702870.66,3336195.48,2617543,983114,2095355,899479,80.05,91.493,72804722.14,56791524.96,7393973.35,4064423.42
br=0.1_btcRN=100000_ethRN=100000_flow=100%_start=d105_adl=off_emOff,False,1.0,105,False,0.1,15000.0,1384615385.0,100000.0,0.1,15000.0,923076923.0,100000.0,0.01,2256995,1868506,82.79,5000000.0,6706412423.46,124205983.48,1455833.89,143433179.73,12771362.37,-130661817.36,17814366.55,12771362.37,1723027.36,5000000.0,167525290821.93,4353230033.61,21.0992,0.01852,0.021387,141245381.62,0.0,0,0,0,0,0.0,0,2656316.58,2386687.6,1800324,456671,1453015,415491,80.709,90.983,101791255.7,41641924.03,10423772.51,2347589.86
br=0.1_btcRN=100000_ethRN=100000_flow=100%_start=d105_adl=off_emOn,True,1.0,105,False,0.1,15000.0,1384615385.0,100000.0,0.1,15000.0,923076923.0,100000.0,0.01,2256995,1868506,82.79,5000000.0,5089614651.32,71255041.59,853746.31,84182353.5,7073565.6,-77108787.9,12097411.15,7073565.6,1723027.36,5000000.0,93432387411.43,4353230033.61,35.2921,0.014,0.01654,81995917.83,0.0,0,0,0,0,0.0,0,3056278.96,1967566.6,1800324,456671,1453015,415491,80.709,90.983,59806379.92,24375973.57,5774879.47,1298686.13
br=0.1_btcRN=100000_ethRN=100000_flow=100%_start=d105_adl=on_emOff,False,1.0,105,True,0.1,15000.0,1384615385.0,100000.0,0.1,15000.0,923076923.0,100000.0,0.01,2256995,1868506,82.79,5000000.0,6706412423.46,124205978.69,1455833.89,143433179.73,12771367.15,-130661812.58,17814371.34,12771367.15,1723027.36,5000000.0,167525290821.93,4353230033.61,21.0992,0.01852,0.021387,141245381.62,0.0,0,0,0,0,0.0,0,2656316.58,2386687.61,1800324,456671,1453015,415491,80.709,90.983,101791255.7,41641924.03,10423772.97,2347594.18
br=0.1_btcRN=100000_ethRN=100000_flow=100%_start=d105_adl=on_emOn,True,1.0,105,True,0.1,15000.0,1384615385.0,100000.0,0.1,15000.0,923076923.0,100000.0,0.01,2256995,1868506,82.79,5000000.0,5089614651.32,71255039.65,853746.32,84182353.5,7073567.53,-77108785.96,12097413.09,7073567.53,1723027.36,5000000.0,93432387411.43,4353230033.61,35.2921,0.014,0.01654,81995917.83,0.0,0,0,0,0,0.0,0,3056278.96,1967566.6,1800324,456671,1453015,415491,80.709,90.983,59806379.92,24375973.57,5774879.8,1298687.73
br=0.1_btcRN=100000_ethRN=100000_flow=100%_start=d112_adl=off_emOff,False,1.0,112,False,0.1,15000.0,1384615385.0,100000.0,0.1,15000.0,923076923.0,100000.0,0.01,2137926,1763563,82.49,5000000.0,6519693284.93,116662095.64,1371129.01,135083217.92,12049993.27,-123033224.65,17090586.93,12049993.27,2147179.67,5000000.0,157333703010.76,4353230033.61,22.5045,0.017894,0.020719,132956651.25,0.0,0,0,0,0,0.0,0,2579465.44,2461128.21,1711653,426273,1376567,386996,80.423,90.786,95813447.02,39269770.9,9802895.15,2247098.12
br=0.1_btcRN=100000_ethRN=100000_flow=100%_start=d112_adl=off_emOn,True,1.0,112,False,0.1,15000.0,1384615385.0,100000.0,0.1,15000.0,923076923.0,100000.0,0.01,2137926,1763563,82.49,5000000.0,4966173428.57,68206914.75,820016.15,80850310.54,6823379.64,-74026930.89,11846405.73,6823379.64,2147179.67,5000000.0,89404275039.94,4353230033.61,36.4634,0.013734,0.01628,78724990.46,0.0,0,0,0,0,0.0,0,2954929.21,2068096.87,1711653,426273,1376567,386996,80.423,90.786,57312633.18,23537677.36,5537582.56,1285797.08
br=0.1_btcRN=100000_ethRN=100000_flow=100%_start=d112_adl=on_emOff,False,1.0,112,True,0.1,15000.0,1384615385.0,100000.0,0.1,15000.0,923076923.0,100000.0,0.01,2137926,1763563,82.49,5000000.0,6519693284.93,116662090.86,1371129.01,135083217.92,12049998.05,-123033219.87,17090591.72,12049998.05,2147179.67,5000000.0,157333703010.76,4353230033.61,22.5045,0.017894,0.020719,132956651.25,0.0,0,0,0,0,0.0,0,2579465.44,2461128.23,1711653,426273,1376567,386996,80.423,90.786,95813447.02,39269770.9,9802895.61,2247102.44
br=0.1_btcRN=100000_ethRN=100000_flow=100%_start=d112_adl=on_emOn,True,1.0,112,True,0.1,15000.0,1384615385.0,100000.0,0.1,15000.0,923076923.0,100000.0,0.01,2137926,1763563,82.49,5000000.0,4966173428.57,68206912.72,820016.15,80850310.54,6823381.67,-74026928.87,11846407.76,6823381.67,2147179.67,5000000.0,89404275039.94,4353230033.61,36.4634,0.013734,0.01628,78724990.46,0.0,0,0,0,0,0.0,0,2954929.21,2068096.87,1711653,426273,1376567,386996,80.423,90.786,57312633.18,23537677.36,5537582.92,1285798.75
br=0.1_btcRN=100000_ethRN=100000_flow=100%_start=d119_adl=off_emOff,False,1.0,119,False,0.1,15000.0,1384615385.0,100000.0,0.1,15000.0,923076923.0,100000.0,0.01,2037396,1675146,82.22,5000000.0,6351685882.09,109873869.43,1294160.22,127510525.63,11342495.99,-116168029.64,16380149.66,11342495.99,843385.91,5000000.0,148582215042.0,3911590082.12,23.9346,0.017298,0.020075,125283280.24,455.46,3,3,3,0,0.0,0.0,2856021.66,2181632.01,1635066,402330,1310074,365072,80.124,90.739,90492135.09,37018390.53,9185977.85,2156518.13
br=0.1_btcRN=100000_ethRN=100000_flow=100%_start=d119_adl=off_emOn,True,1.0,119,False,0.1,15000.0,1384615385.0,100000.0,0.1,15000.0,923076923.0,100000.0,0.01,2037396,1675146,82.22,5000000.0,4860751755.58,65497500.53,789327.03,77833176.75,6546349.19,-71286827.56,11567883.47,6546349.19,843385.91,5000000.0,86290472175.72,3911590082.12,37.6351,0.013475,0.016013,75607069.96,455.46,3,3,3,0,0.0,0.0,3181303.23,1840231.05,1635066,402330,1310074,365072,80.124,90.739,55149958.33,22683218.43,5265628.51,1280720.68
br=0.1_btcRN=100000_ethRN=100000_flow=100%_start=d119_adl=on_emOff,False,1.0,119,True,0.1,15000.0,1384615385.0,100000.0,0.1,15000.0,923076923.0,100000.0,0.01,2037396,1675146,82.22,5000000.0,6351685882.09,109873864.64,1294160.22,127510525.63,11342500.77,-116168024.86,16380154.45,11342500.77,843385.91,5000000.0,148582215042.0,3911590082.12,23.9346,0.017298,0.020075,125283280.24,455.46,3,3,3,0,0.0,0.0,2856021.66,2181632.02,1635066,402330,1310074,365072,80.124,90.739,90492135.09,37018390.53,9185978.31,2156522.46
br=0.1_btcRN=100000_ethRN=100000_flow=100%_start=d119_adl=on_emOn,True,1.0,119,True,0.1,15000.0,1384615385.0,100000.0,0.1,15000.0,923076923.0,100000.0,0.01,2037396,1675146,82.22,5000000.0,4860751755.58,65497498.41,789327.03,77833176.75,6546351.31,-71286825.44,11567885.6,6546351.31,843385.91,5000000.0,86290472175.72,3911590082.12,37.6351,0.013475,0.016013,75607069.96,455.46,3,3,3,0,0.0,0.0,3181303.23,1840231.06,1635066,402330,1310074,365072,80.124,90.739,55149958.33,22683218.43,5265628.91,1280722.4
br=0.1_btcRN=100000_ethRN=100000_flow=100%_start=d126_adl=off_emOff,False,1.0,126,False,0.1,15000.0,1384615385.0,100000.0,0.1,15000.0,923076923.0,100000.0,0.01,1937722,1594709,82.3,5000000.0,6211385466.84,104392179.33,1232065.52,121398323.02,10774078.17,-110624244.85,15810242.75,10774078.17,834101.92,5000000.0,141928770523.06,3911590082.12,25.201,0.016807,0.019544,119041195.39,0.0,0,0,0,0,0.0,0,2636495.17,2399669.4,1560928,376794,1250821,343888,80.133,91.267,86073163.46,35325159.56,8709631.74,2064446.44
br=0.1_btcRN=100000_ethRN=100000_flow=100%_start=d126_adl=off_emOn,True,1.0,126,False,0.1,15000.0,1384615385.0,100000.0,0.1,15000.0,923076923.0,100000.0,0.01,1937722,1594709,82.3,5000000.0,4774142397.42,63273682.96,764103.18,75351691.04,6313904.9,-69037786.15,11335077.44,6313904.9,834101.92,5000000.0,84195477266.69,3911590082.12,38.6605,0.013253,0.015783,72995617.3,0.0,0,0,0,0,0.0,0,2930730.77,2090441.77,1560928,376794,1250821,343888,80.133,91.267,53230026.67,22121664.38,5054701.43,1259203.46
br=0.1_btcRN=100000_ethRN=100000_flow=100%_start=d126_adl=on_emOff,False,1.0,126,True,0.1,15000.0,1384615385.0,100000.0,0.1,15000.0,923076923.0,100000.0,0.01,1937722,1594709,82.3,5000000.0,6211385466.84,104392174.54,1232065.52,121398323.02,10774082.95,-110624240.07,15810247.54,10774082.95,834101.92,5000000.0,141928770523.06,3911590082.12,25.201,0.016807,0.019544,119041195.39,0.0,0,0,0,0,0.0,0,2636494.72,2399669.87,1560928,376794,1250821,343888,80.133,91.267,86073163.46,35325159.56,8709632.19,2064450.76
br=0.1_btcRN=100000_ethRN=100000_flow=100%_start=d126_adl=on_emOn,True,1.0,126,True,0.1,15000.0,1384615385.0,100000.0,0.1,15000.0,923076923.0,100000.0,0.01,1937722,1594709,82.3,5000000.0,4774142397.42,63273680.75,764103.19,75351691.04,6313907.11,-69037783.94,11335079.66,6313907.11,834101.92,5000000.0,84195477266.69,3911590082.12,38.6605,0.013253,0.015783,72995617.3,0.0,0,0,0,0,0.0,0,2930730.77,2090441.78,1560928,376794,1250821,343888,80.133,91.267,53230026.67,22121664.38,5054701.87,1259205.24
br=0.1_btcRN=100000_ethRN=100000_flow=100%_start=d133_adl=off_emOff,False,1.0,133,False,0.1,15000.0,1384615385.0,100000.0,0.1,15000.0,923076923.0,100000.0,0.01,1854968,1523925,82.15,5000000.0,6044517955.8,99085491.44,1171228.46,115412790.24,10156070.34,-105256719.9,15190271.46,10156070.34,691167.29,5000000.0,134929776536.29,3911590082.12,26.4744,0.016393,0.019094,113221093.68,0.0,0,0,0,0,0.0,0,2647311.02,2386890.1,1501313,353655,1201309,322616,80.017,91.223,82054948.38,33357841.86,8215869.85,1940200.49
br=0.1_btcRN=100000_ethRN=100000_flow=100%_start=d133_adl=off_emOn,True,1.0,133,False,0.1,15000.0,1384615385.0,100000.0,0.1,15000.0,923076923.0,100000.0,0.01,1854968,1523925,82.15,5000000.0,4659760062.76,60954118.13,736994.5,72688168.74,5997056.1,-66691112.63,11017281.74,5997056.1,691167.29,5000000.0,81394929720.55,3911590082.12,39.6811,0.013081,0.015599,70497444.61,0.0,0,0,0,0,0.0,0,2930678.57,2089547.06,1501313,353655,1201309,322616,80.017,91.223,51510255.5,21177913.24,4797732.71,1199323.4
br=0.1_btcRN=100000_ethRN=100000_flow=100%_start=d133_adl=on_emOff,False,1.0,133,True,0.1,15000.0,1384615385.0,100000.0,0.1,15000.0,923076923.0,100000.0,0.01,1854968,1523925,82.15,5000000.0,6044517955.8,99085487.11,1171228.47,115412790.24,10156074.67,-105256715.57,15190275.79,10156074.67,691167.29,5000000.0,134929776536.29,3911590082.12,26.4744,0.016393,0.019094,113221093.68,0.0,0,0,0,0,0.0,0,2647311.02,2386890.11,1501313,353655,1201309,322616,80.017,91.223,82054948.38,33357841.86,8215869.85,1940204.82
br=0.1_btcRN=100000_ethRN=100000_flow=100%_start=d133_adl=on_emOn,True,1.0,133,True,0.1,15000.0,1384615385.0,100000.0,0.1,15000.0,923076923.0,100000.0,0.01,1854968,1523925,82.15,5000000.0,4659760062.76,60954116.3,736994.51,72688168.74,5997057.93,-66691110.81,11017283.57,5997057.93,691167.29,5000000.0,81394929720.55,3911590082.12,39.6811,0.013081,0.015599,70497444.61,0.0,0,0,0,0,0.0,0,2930678.57,2089547.07,1501313,353655,1201309,322616,80.017,91.223,51510255.5,21177913.24,4797732.71,1199325.22
br=0.1_btcRN=100000_ethRN=100000_flow=100%_start=d140_adl=off_emOff,False,1.0,140,False,0.1,15000.0,1384615385.0,100000.0,0.1,15000.0,923076923.0,100000.0,0.01,1776028,1455065,81.93,5000000.0,5884899584.22,93707187.97,1112453.56,109601888.65,9782247.12,-99819641.54,14815116.47,9782247.12,978400.89,5000000.0,128262963108.66,3911590082.12,27.8384,0.015923,0.018624,107435986.76,0.0,0,0,0,0,0.0,0,2672184.33,2360685.03,1444134,331894,1152457,302608,79.803,91.176,78182816.23,31419072.42,7938046.17,1844200.94
br=0.1_btcRN=100000_ethRN=100000_flow=100%_start=d140_adl=off_emOn,True,1.0,140,False,0.1,15000.0,1384615385.0,100000.0,0.1,15000.0,923076923.0,100000.0,0.01,1776028,1455065,81.93,5000000.0,4554386216.55,58465800.21,711024.32,70106348.74,5929524.2,-64176824.53,10949445.87,5929524.2,978400.89,5000000.0,78862586801.99,3911590082.12,40.7679,0.012837,0.015393,67941338.6,0.0,0,0,0,0,0.0,0,2944070.5,2075851.16,1444134,331894,1152457,302608,79.803,91.176,49894391.48,20211957.25,4761715.93,1167808.28
br=0.1_btcRN=100000_ethRN=100000_flow=100%_start=d140_adl=on_emOff,False,1.0,140,True,0.1,15000.0,1384615385.0,100000.0,0.1,15000.0,923076923.0,100000.0,0.01,1776028,1455065,81.93,5000000.0,5884899584.22,93707183.64,1112453.57,109601888.65,9782251.44,-99819637.21,14815120.8,9782251.44,978400.89,5000000.0,128262963108.66,3911590082.12,27.8384,0.015923,0.018624,107435986.76,0.0,0,0,0,0,0.0,0,2672184.33,2360685.04,1444134,331894,1152457,302608,79.803,91.176,78182816.23,31419072.42,7938046.17,1844205.27
br=0.1_btcRN=100000_ethRN=100000_flow=100%_start=d140_adl=on_emOn,True,1.0,140,True,0.1,15000.0,1384615385.0,100000.0,0.1,15000.0,923076923.0,100000.0,0.01,1776028,1455065,81.93,5000000.0,4554386216.55,58465798.33,711024.32,70106348.74,5929526.08,-64176822.65,10949447.75,5929526.08,978400.89,5000000.0,78862586801.99,3911590082.12,40.7679,0.012837,0.015393,67941338.6,0.0,0,0,0,0,0.0,0,2944070.5,2075851.17,1444134,331894,1152457,302608,79.803,91.176,49894391.48,20211957.25,4761715.93,1167810.16
br=0.1_btcRN=100000_ethRN=100000_flow=100%_start=d147_adl=off_emOff,False,1.0,147,False,0.1,15000.0,1384615385.0,100000.0,0.1,15000.0,923076923.0,100000.0,0.01,1721207,1409319,81.88,5000000.0,5780628867.6,89851501.4,1070526.98,105455336.72,9533308.34,-95922028.38,14565255.57,9533308.34,635830.27,5000000.0,123157000966.94,3911590082.12,28.9304,0.015544,0.018243,103102414.76,0.0,0,0,0,0,0.0,0,2681812.92,2350134.31,1401620,319587,1117870,291449,79.756,91.196,75413763.12,30041573.6,7732583.01,1800725.32
br=0.1_btcRN=100000_ethRN=100000_flow=100%_start=d147_adl=off_emOn,True,1.0,147,False,0.1,15000.0,1384615385.0,100000.0,0.1,15000.0,923076923.0,100000.0,0.01,1721207,1409319,81.88,5000000.0,4492933394.22,56740780.02,693362.65,68347409.85,5913267.18,-62434142.67,10933044.28,5913267.18,635830.27,5000000.0,76799296102.93,3911590082.12,41.6254,0.012629,0.015212,65995319.2,0.0,0,0,0,0,0.0,0,2935787.45,2083989.65,1401620,319587,1117870,291449,79.756,91.196,48805191.63,19542218.21,4739908.53,1173358.65
br=0.1_btcRN=100000_ethRN=100000_flow=100%_start=d147_adl=on_emOff,False,1.0,147,True,0.1,15000.0,1384615385.0,100000.0,0.1,15000.0,923076923.0,100000.0,0.01,1721207,1409319,81.88,5000000.0,5780628867.6,89851497.07,1070526.99,105455336.72,9533312.66,-95922024.06,14565259.9,9533312.66,635830.27,5000000.0,123157000966.94,3911590082.12,28.9304,0.015544,0.018243,103102414.76,0.0,0,0,0,0,0.0,0,2681812.92,2350134.32,1401620,319587,1117870,291449,79.756,91.196,75413763.12,30041573.6,7732583.01,1800729.65
br=0.1_btcRN=100000_ethRN=100000_flow=100%_start=d147_adl=on_emOn,True,1.0,147,True,0.1,15000.0,1384615385.0,100000.0,0.1,15000.0,923076923.0,100000.0,0.01,1721207,1409319,81.88,5000000.0,4492933394.22,56740778.1,693362.65,68347409.85,5913269.1,-62434140.75,10933046.2,5913269.1,635830.27,5000000.0,76799296102.93,3911590082.12,41.6254,0.012629,0.015212,65995319.2,0.0,0,0,0,0,0.0,0,2935787.45,2083989.65,1401620,319587,1117870,291449,79.756,91.196,48805191.63,19542218.21,4739908.53,1173360.57
br=0.1_btcRN=100000_ethRN=100000_flow=100%_start=d14_adl=off_emOff,False,1.0,14,False,0.1,15000.0,1384615385.0,100000.0,0.1,15000.0,923076923.0,100000.0,0.01,3447394,2859650,82.95,5000000.0,8438931755.15,229186396.75,2660635.26,261830484.75,24983452.74,-236847032.01,30068113.57,24983452.74,1709313.95,5000000.0,321980330531.65,6430541278.0,9.9992,0.027158,0.031026,259488098.79,0.0,0,0,0,0,0.0,0,-59879.73,5144540.56,2548903,898491,2039002,820648,79.995,91.336,163622132.44,98208352.3,17796111.86,7187340.87
br=0.1_btcRN=100000_ethRN=100000_flow=100%_start=d14_adl=off_emOn,True,1.0,14,False,0.1,15000.0,1384615385.0,100000.0,0.1,15000.0,923076923.0,100000.0,0.01,3447394,2859650,82.95,5000000.0,6267038714.19,106243184.7,1255853.13,123687036.1,11187998.27,-112499037.83,16225963.81,11187998.27,1709313.95,5000000.0,143400031663.16,6430541278.0,24.7214,0.016953,0.019736,121348395.66,0.0,0,0,0,0,0.0,0,783811.97,4254153.56,2548903,898491,2039002,820648,79.995,91.336,71597677.2,52089358.89,7343551.9,3844446.37
br=0.1_btcRN=100000_ethRN=100000_flow=100%_start=d14_adl=on_emOff,False,1.0,14,True,0.1,15000.0,1384615385.0,100000.0,0.1,15000.0,923076923.0,100000.0,0.01,3447394,2859650,82.95,5000000.0,8438931755.15,229118743.94,2660711.32,261830484.75,25051029.49,-236779455.26,30135842.43,25051029.49,1709313.95,5000000.0,321980330531.65,6430541278.0,9.9992,0.02715,0.031026,259488098.79,0.0,0,0,0,0,0.0,0,-85619.96,5170432.9,2548903,898491,2039002,820648,79.995,91.336,163622132.44,98208352.3,17859356.13,7191673.36
br=0.1_btcRN=100000_ethRN=100000_flow=100%_start=d14_adl=on_emOn,True,1.0,14,True,0.1,15000.0,1384615385.0,100000.0,0.1,15000.0,923076923.0,100000.0,0.01,3447394,2859650,82.95,5000000.0,6267038714.19,106210702.94,1255889.65,123687036.1,11220443.51,-112466592.59,16258482.09,11220443.51,1709313.95,5000000.0,143400031663.16,6430541278.0,24.7214,0.016948,0.019736,121348395.66,0.0,0,0,0,0,0.0,0,771444.73,4266593.85,2548903,898491,2039002,820648,79.995,91.336,71597677.2,52089358.89,7373894.28,3846549.23
br=0.1_btcRN=100000_ethRN=100000_flow=100%_start=d154_adl=off_emOff,False,1.0,154,False,0.1,15000.0,1384615385.0,100000.0,0.1,15000.0,923076923.0,100000.0,0.01,1676178,1373601,81.95,5000000.0,5689346976.81,87182094.91,1039364.69,102397383.29,9175923.68,-93221459.61,14206705.41,9175923.68,812581.39,5000000.0,119534302977.52,3911590082.12,29.7339,0.015324,0.017998,100067192.69,0.0,0,0,0,0,0.0,0,2777123.31,2253658.41,1365864,310314,1090086,283515,79.809,91.364,73362825.94,29034557.35,7479118.18,1696805.5
br=0.1_btcRN=100000_ethRN=100000_flow=100%_start=d154_adl=off_emOn,True,1.0,154,False,0.1,15000.0,1384615385.0,100000.0,0.1,15000.0,923076923.0,100000.0,0.01,1676178,1373601,81.95,5000000.0,4432625349.98,55549368.3,678973.12,66940577.25,5712235.83,-61228341.42,10731370.53,5712235.83,812581.39,5000000.0,75279999263.34,3911590082.12,42.2519,0.012532,0.015102,64611179.71,0.0,0,0,0,0,0.0,0,3018152.63,2000982.07,1365864,310314,1090086,283515,79.809,91.364,47923495.05,19017082.2,4610194.07,1102041.76
br=0.1_btcRN=100000_ethRN=100000_flow=100%_start=d154_adl=on_emOff,False,1.0,154,True,0.1,15000.0,1384615385.0,100000.0,0.1,15000.0,923076923.0,100000.0,0.01,1676178,1373601,81.95,5000000.0,5689346976.81,87182090.58,1039364.7,102397383.29,9175928.01,-93221455.28,14206709.74,9175928.01,812581.39,5000000.0,119534302977.52,3911590082.12,29.7339,0.015324,0.017998,100067192.69,0.0,0,0,0,0,0.0,0,2777123.31,2253658.42,1365864,310314,1090086,283515,79.809,91.364,73362825.94,29034557.35,7479118.18,1696809.82
br=0.1_btcRN=100000_ethRN=100000_flow=100%_start=d154_adl=on_emOn,True,1.0,154,True,0.1,15000.0,1384615385.0,100000.0,0.1,15000.0,923076923.0,100000.0,0.01,1676178,1373601,81.95,5000000.0,4432625349.98,55549366.34,678973.13,66940577.25,5712237.78,-61228339.47,10731372.49,5712237.78,812581.39,5000000.0,75279999263.34,3911590082.12,42.2519,0.012532,0.015102,64611179.71,0.0,0,0,0,0,0.0,0,3018152.63,2000982.07,1365864,310314,1090086,283515,79.809,91.364,47923495.05,19017082.2,4610194.07,1102043.71
br=0.1_btcRN=100000_ethRN=100000_flow=100%_start=d161_adl=off_emOff,False,1.0,161,False,0.1,15000.0,1384615385.0,100000.0,0.1,15000.0,923076923.0,100000.0,0.01,1608307,1316482,81.86,5000000.0,5527469165.51,82556190.86,986016.53,97157531.67,8615324.28,-88542207.4,13644206.71,8615324.28,749165.46,5000000.0,112864312427.78,3911590082.12,31.1924,0.014936,0.017577,94860685.77,0.0,0,0,0,0,0.0,0,3136837.87,1892044.57,1312643,295664,1046108,270374,79.695,91.446,69874603.53,27282928.14,7063053.63,1552270.64
br=0.1_btcRN=100000_ethRN=100000_flow=100%_start=d161_adl=off_emOn,True,1.0,161,False,0.1,15000.0,1384615385.0,100000.0,0.1,15000.0,923076923.0,100000.0,0.01,1608307,1316482,81.86,5000000.0,4325503550.12,53418233.63,653877.09,64482744.86,5410634.13,-59072110.72,10428733.42,5410634.13,749165.46,5000000.0,72137308928.01,3911590082.12,43.384,0.01235,0.014908,62186632.17,0.0,0,0,0,0,0.0,0,3365824.46,1652274.83,1312643,295664,1046108,270374,79.695,91.446,46417580.72,18065164.13,4402098.35,1008535.79
br=0.1_btcRN=100000_ethRN=100000_flow=100%_start=d161_adl=on_emOff,False,1.0,161,True,0.1,15000.0,1384615385.0,100000.0,0.1,15000.0,923076923.0,100000.0,0.01,1608307,1316482,81.86,5000000.0,5527469165.51,82556186.53,986016.54,97157531.67,8615328.6,-88542203.07,13644211.04,8615328.6,749165.46,5000000.0,112864312427.78,3911590082.12,31.1924,0.014936,0.017577,94860685.77,0.0,0,0,0,0,0.0,0,3136837.87,1892044.58,1312643,295664,1046108,270374,79.695,91.446,69874603.53,27282928.14,7063053.63,1552274.97
br=0.1_btcRN=100000_ethRN=100000_flow=100%_start=d161_adl=on_emOn,True,1.0,161,True,0.1,15000.0,1384615385.0,100000.0,0.1,15000.0,923076923.0,100000.0,0.01,1608307,1316482,81.86,5000000.0,4325503550.12,53418231.61,653877.1,64482744.86,5410636.15,-59072108.71,10428735.44,5410636.15,749165.46,5000000.0,72137308928.01,3911590082.12,43.384,0.01235,0.014908,62186632.17,0.0,0,0,0,0,0.0,0,3365824.46,1652274.83,1312643,295664,1046108,270374,79.695,91.446,46417580.72,18065164.13,4402098.35,1008537.8
br=0.1_btcRN=100000_ethRN=100000_flow=100%_start=d168_adl=off_emOff,False,1.0,168,False,0.1,15000.0,1384615385.0,100000.0,0.1,15000.0,923076923.0,100000.0,0.01,1545968,1263314,81.72,5000000.0,5364327458.88,78236227.09,936142.49,92257273.06,8084903.48,-84172369.58,13112042.99,8084903.48,527183.81,5000000.0,107245889743.74,3911590082.12,32.6342,0.014585,0.017198,90060519.76,0.0,0,0,0,0,0.0,0,2625023.88,2402115.64,1263181,282787,1004600,258714,79.529,91.487,66261988.98,25995284.08,6699559.88,1385343.6
br=0.1_btcRN=100000_ethRN=100000_flow=100%_start=d168_adl=off_emOn,True,1.0,168,False,0.1,15000.0,1384615385.0,100000.0,0.1,15000.0,923076923.0,100000.0,0.01,1545968,1263314,81.72,5000000.0,4214631628.22,51350006.34,629423.67,62086714.43,5107284.42,-56979430.01,10124397.46,5107284.42,527183.81,5000000.0,69719971878.9,3911590082.12,44.4985,0.012184,0.014731,59890646.68,0.0,0,0,0,0,0.0,0,2819818.12,2197294.93,1263181,282787,1004600,258714,79.529,91.487,44585369.6,17501344.83,4226009.47,881274.95
br=0.1_btcRN=100000_ethRN=100000_flow=100%_start=d168_adl=on_emOff,False,1.0,168,True,0.1,15000.0,1384615385.0,100000.0,0.1,15000.0,923076923.0,100000.0,0.01,1545968,1263314,81.72,5000000.0,5364327458.88,78236222.76,936142.49,92257273.06,8084907.8,-84172365.26,13112047.33,8084907.8,527183.81,5000000.0,107245889743.74,3911590082.12,32.6342,0.014585,0.017198,90060519.76,0.0,0,0,0,0,0.0,0,2625023.88,2402115.65,1263181,282787,1004600,258714,79.529,91.487,66261988.98,25995284.08,6699559.88,1385347.92
br=0.1_btcRN=100000_ethRN=100000_flow=100%_start=d168_adl=on_emOn,True,1.0,168,True,0.1,15000.0,1384615385.0,100000.0,0.1,15000.0,923076923.0,100000.0,0.01,1545968,1263314,81.72,5000000.0,4214631628.22,51350004.27,629423.67,62086714.43,5107286.49,-56979427.94,10124399.54,5107286.49,527183.81,5000000.0,69719971878.9,3911590082.12,44.4985,0.012184,0.014731,59890646.68,0.0,0,0,0,0,0.0,0,2819818.12,2197294.93,1263181,282787,1004600,258714,79.529,91.487,44585369.6,17501344.83,4226009.47,881277.02
br=0.1_btcRN=100000_ethRN=100000_flow=100%_start=d175_adl=off_emOff,False,1.0,175,False,0.1,15000.0,1384615385.0,100000.0,0.1,15000.0,923076923.0,100000.0,0.01,1474531,1207252,81.87,5000000.0,5190662077.26,73524050.6,883006.49,87023912.75,7616855.67,-79407057.09,12642390.38,7616855.67,943026.68,5000000.0,100859374831.74,3911590082.12,34.3307,0.014165,0.016765,84804775.34,0.0,0,0,0,0,0.0,0,2349262.81,2676271.9,1206707,267824,962162,245090,79.735,91.512,62805939.32,24217973.43,6345726.82,1271128.84
br=0.1_btcRN=100000_ethRN=100000_flow=100%_start=d175_adl=off_emOn,True,1.0,175,False,0.1,15000.0,1384615385.0,100000.0,0.1,15000.0,923076923.0,100000.0,0.01,1474531,1207252,81.87,5000000.0,4100740516.36,49055037.45,603513.06,59536395.86,4877845.35,-54658550.52,9894143.56,4877845.35,943026.68,5000000.0,66742456666.26,3911590082.12,45.7991,0.011962,0.014518,57317897.98,0.0,0,0,0,0,0.0,0,2538412.11,2477886.1,1206707,267824,962162,245090,79.735,91.512,43047097.69,16489298.17,4071243.16,806602.19
br=0.1_btcRN=100000_ethRN=100000_flow=100%_start=d175_adl=on_emOff,False,1.0,175,True,0.1,15000.0,1384615385.0,100000.0,0.1,15000.0,923076923.0,100000.0,0.01,1474531,1207252,81.87,5000000.0,5190662077.26,73524046.27,883006.49,87023912.75,7616859.99,-79407052.76,12642394.71,7616859.99,943026.68,5000000.0,100859374831.74,3911590082.12,34.3307,0.014165,0.016765,84804775.34,0.0,0,0,0,0,0.0,0,2349262.81,2676271.91,1206707,267824,962162,245090,79.735,91.512,62805939.32,24217973.43,6345726.82,1271133.16
br=0.1_btcRN=100000_ethRN=100000_flow=100%_start=d175_adl=on_emOn,True,1.0,175,True,0.1,15000.0,1384615385.0,100000.0,0.1,15000.0,923076923.0,100000.0,0.01,1474531,1207252,81.87,5000000.0,4100740516.36,49055035.31,603513.07,59536395.86,4877847.49,-54658548.38,9894145.7,4877847.49,943026.68,5000000.0,66742456666.26,3911590082.12,45.7991,0.011962,0.014518,57317897.98,0.0,0,0,0,0,0.0,0,2538412.11,2477886.11,1206707,267824,962162,245090,79.735,91.512,43047097.69,16489298.17,4071243.16,806604.33
br=0.1_btcRN=100000_ethRN=100000_flow=100%_start=d182_adl=off_emOff,False,1.0,182,False,0.1,15000.0,1384615385.0,100000.0,0.1,15000.0,923076923.0,100000.0,0.01,1411123,1153485,81.74,5000000.0,4989697470.12,68315997.58,824826.54,81287570.36,7146746.24,-74140824.12,12170647.91,7146746.24,1306302.52,5000000.0,93080231463.05,3911590082.12,36.3471,0.013691,0.016291,79042845.36,0.0,0,0,0,0,0.0,0,2783206.07,2240695.6,1157395,253728,921294,232191,79.601,91.512,59391422.08,21896148.27,5927854.92,1218891.32
br=0.1_btcRN=100000_ethRN=100000_flow=100%_start=d182_adl=off_emOn,True,1.0,182,False,0.1,15000.0,1384615385.0,100000.0,0.1,15000.0,923076923.0,100000.0,0.01,1411123,1153485,81.74,5000000.0,3968385347.43,46431717.43,574386.25,56664099.53,4657995.85,-52006103.68,9673486.37,4657995.85,1306302.52,5000000.0,62508510069.45,3911590082.12,47.3337,0.0117,0.014279,54419969.66,0.0,0,0,0,0,0.0,0,2961074.29,2054416.23,1157395,253728,921294,232191,79.601,91.512,41704920.27,14959179.27,3860714.59,797281.26
br=0.1_btcRN=100000_ethRN=100000_flow=100%_start=d182_adl=on_emOff,False,1.0,182,True,0.1,15000.0,1384615385.0,100000.0,0.1,15000.0,923076923.0,100000.0,0.01,1411123,1153485,81.74,5000000.0,4989697470.12,68315993.25,824826.54,81287570.36,7146750.56,-74140819.8,12170652.24,7146750.56,1306302.52,5000000.0,93080231463.05,3911590082.12,36.3471,0.013691,0.016291,79042845.36,0.0,0,0,0,0,0.0,0,2783206.07,2240695.61,1157395,253728,921294,232191,79.601,91.512,59391422.08,21896148.27,5927854.92,1218895.64
br=0.1_btcRN=100000_ethRN=100000_flow=100%_start=d182_adl=on_emOn,True,1.0,182,True,0.1,15000.0,1384615385.0,100000.0,0.1,15000.0,923076923.0,100000.0,0.01,1411123,1153485,81.74,5000000.0,3968385347.43,46431715.21,574386.26,56664099.53,4657998.07,-52006101.46,9673488.59,4657998.07,1306302.52,5000000.0,62508510069.45,3911590082.12,47.3337,0.0117,0.014279,54419969.66,0.0,0,0,0,0,0.0,0,2961074.29,2054416.23,1157395,253728,921294,232191,79.601,91.512,41704920.27,14959179.27,3860714.59,797283.48
br=0.1_btcRN=100000_ethRN=100000_flow=100%_start=d189_adl=off_emOff,False,1.0,189,False,0.1,15000.0,1384615385.0,100000.0,0.1,15000.0,923076923.0,100000.0,0.01,1269096,1019940,80.37,5000000.0,4595830612.27,58973176.83,722032.77,71116027.07,6420817.47,-64695209.6,11442562.47,6420817.47,1699980.46,5000000.0,81700457981.54,3472094516.57,40.3369,0.012832,0.015474,68942662.53,0.0,0,0,0,0,0.0,0,3369121.15,1652623.85,1048356,220740,819444,200496,78.165,90.829,52167598.05,18948429.03,5356213.35,1064604.12
br=0.1_btcRN=100000_ethRN=100000_flow=100%_start=d189_adl=off_emOn,True,1.0,189,False,0.1,15000.0,1384615385.0,100000.0,0.1,15000.0,923076923.0,100000.0,0.01,1269096,1019940,80.37,5000000.0,3701673890.92,41394050.63,520147.32,51275926.14,4361728.19,-46914197.95,9376504.31,4361728.19,1699980.46,5000000.0,57062391839.42,3472094516.57,50.357,0.011183,0.013852,49103072.93,0.0,0,0,0,0,0.0,0,3509067.09,1505709.03,1048356,220740,819444,200496,78.165,90.829,37964015.04,13311911.1,3647692.11,714036.07
br=0.1_btcRN=100000_ethRN=100000_flow=100%_start=d189_adl=on_emOff,False,1.0,189,True,0.1,15000.0,1384615385.0,100000.0,0.1,15000.0,923076923.0,100000.0,0.01,1269096,1019940,80.37,5000000.0,4595830612.27,58973172.51,722032.77,71116027.07,6420821.79,-64695205.28,11442566.8,6420821.79,1699980.46,5000000.0,81700457981.54,3472094516.57,40.3369,0.012832,0.015474,68942662.53,0.0,0,0,0,0,0.0,0,3369121.15,1652623.86,1048356,220740,819444,200496,78.165,90.829,52167598.05,18948429.03,5356213.35,1064608.44
br=0.1_btcRN=100000_ethRN=100000_flow=100%_start=d189_adl=on_emOn,True,1.0,189,True,0.1,15000.0,1384615385.0,100000.0,0.1,15000.0,923076923.0,100000.0,0.01,1269096,1019940,80.37,5000000.0,3701673890.92,41394048.25,520147.32,51275926.14,4361730.57,-46914195.57,9376506.7,4361730.57,1699980.46,5000000.0,57062391839.42,3472094516.57,50.357,0.011183,0.013852,49103072.93,0.0,0,0,0,0,0.0,0,3509067.09,1505709.04,1048356,220740,819444,200496,78.165,90.829,37964015.04,13311911.1,3647692.11,714038.46
br=0.1_btcRN=100000_ethRN=100000_flow=100%_start=d196_adl=off_emOff,False,1.0,196,False,0.1,15000.0,1384615385.0,100000.0,0.1,15000.0,923076923.0,100000.0,0.01,1155580,914575,79.14,5000000.0,4316896642.86,52739697.35,654626.58,64439370.05,6045046.12,-58394323.93,11065511.87,6045046.12,535213.54,5000000.0,74243645231.85,2879937476.87,43.3482,0.012217,0.014927,62261730.07,0.0,0,0,0,0,0.0,0,3259637.22,1760828.54,956244,199336,734229,180346,76.783,90.473,47004281.73,17435088.32,5034931.96,1010114.15
br=0.1_btcRN=100000_ethRN=100000_flow=100%_start=d196_adl=off_emOn,True,1.0,196,False,0.1,15000.0,1384615385.0,100000.0,0.1,15000.0,923076923.0,100000.0,0.01,1155580,914575,79.14,5000000.0,3512397222.22,37838661.58,483184.92,47595076.85,4273230.35,-43321846.5,9287698.65,4273230.35,535213.54,5000000.0,53411145893.13,2879937476.87,52.6257,0.010773,0.013551,45417886.49,0.0,0,0,0,0,0.0,0,3387886.21,1626582.1,956244,199336,734229,180346,76.783,90.473,34953978.59,12641098.26,3566070.82,707159.53
br=0.1_btcRN=100000_ethRN=100000_flow=100%_start=d196_adl=on_emOff,False,1.0,196,True,0.1,15000.0,1384615385.0,100000.0,0.1,15000.0,923076923.0,100000.0,0.01,1155580,914575,79.14,5000000.0,4316896642.86,52739693.02,654626.58,64439370.05,6045050.44,-58394319.61,11065516.2,6045050.44,535213.54,5000000.0,74243645231.85,2879937476.87,43.3482,0.012217,0.014927,62261730.07,0.0,0,0,0,0,0.0,0,3259637.22,1760828.55,956244,199336,734229,180346,76.783,90.473,47004281.73,17435088.32,5034931.96,1010118.48
br=0.1_btcRN=100000_ethRN=100000_flow=100%_start=d196_adl=on_emOn,True,1.0,196,True,0.1,15000.0,1384615385.0,100000.0,0.1,15000.0,923076923.0,100000.0,0.01,1155580,914575,79.14,5000000.0,3512397222.22,37838659.07,483184.92,47595076.85,4273232.85,-43321844.0,9287701.16,4273232.85,535213.54,5000000.0,53411145893.13,2879937476.87,52.6257,0.010773,0.013551,45417886.49,0.0,0,0,0,0,0.0,0,3387886.21,1626582.11,956244,199336,734229,180346,76.783,90.473,34953978.59,12641098.26,3566070.82,707162.03
br=0.1_btcRN=100000_ethRN=100000_flow=100%_start=d203_adl=off_emOff,False,1.0,203,False,0.1,15000.0,1384615385.0,100000.0,0.1,15000.0,923076923.0,100000.0,0.01,1083660,852276,78.65,5000000.0,4156586950.05,49354643.81,617349.26,60759853.97,5787860.91,-54971993.07,10807362.35,5787860.91,680240.82,5000000.0,69751671627.04,2879937476.87,45.1758,0.011874,0.014618,58537134.03,0.0,0,0,0,0,0.0,0,3354344.14,1665157.31,898507,185153,684686,167590,76.203,90.514,44350837.95,16409016.03,4833278.61,954582.29
br=0.1_btcRN=100000_ethRN=100000_flow=100%_start=d203_adl=off_emOn,True,1.0,203,False,0.1,15000.0,1384615385.0,100000.0,0.1,15000.0,923076923.0,100000.0,0.01,1083660,852276,78.65,5000000.0,3404441331.26,35894152.51,462318.65,45530296.42,4173825.25,-41356471.17,9187856.63,4173825.25,680240.82,5000000.0,50944966383.02,2879937476.87,53.9943,0.010543,0.013374,43307992.04,0.0,0,0,0,0,0.0,0,3464877.5,1549153.88,898507,185153,684686,167590,76.203,90.514,33463925.3,12066371.12,3496226.58,677598.67
br=0.1_btcRN=100000_ethRN=100000_flow=100%_start=d203_adl=on_emOff,False,1.0,203,True,0.1,15000.0,1384615385.0,100000.0,0.1,15000.0,923076923.0,100000.0,0.01,1083660,852276,78.65,5000000.0,4156586950.05,49354639.48,617349.27,60759853.97,5787865.23,-54971988.75,10807366.69,5787865.23,680240.82,5000000.0,69751671627.04,2879937476.87,45.1758,0.011874,0.014618,58537134.03,0.0,0,0,0,0,0.0,0,3354344.14,1665157.32,898507,185153,684686,167590,76.203,90.514,44350837.95,16409016.03,4833278.61,954586.62
br=0.1_btcRN=100000_ethRN=100000_flow=100%_start=d203_adl=on_emOn,True,1.0,203,True,0.1,15000.0,1384615385.0,100000.0,0.1,15000.0,923076923.0,100000.0,0.01,1083660,852276,78.65,5000000.0,3404441331.26,35894149.93,462318.66,45530296.42,4173827.83,-41356468.59,9187859.22,4173827.83,680240.82,5000000.0,50944966383.02,2879937476.87,53.9943,0.010543,0.013374,43307992.04,0.0,0,0,0,0,0.0,0,3464877.5,1549153.88,898507,185153,684686,167590,76.203,90.514,33463925.3,12066371.12,3496226.58,677601.25
br=0.1_btcRN=100000_ethRN=100000_flow=100%_start=d210_adl=off_emOff,False,1.0,210,False,0.1,15000.0,1384615385.0,100000.0,0.1,15000.0,923076923.0,100000.0,0.01,998346,779343,78.06,5000000.0,3939497425.31,45062634.39,569776.68,56061162.33,5428751.26,-50632411.07,10447081.38,5428751.26,596102.43,5000000.0,63802899003.49,2879937476.87,47.6604,0.011439,0.014231,53821089.04,0.0,0,0,0,0,0.0,0,3425232.13,1593097.98,828191,170155,625476,153867,75.523,90.428,40783293.06,15277869.27,4549270.73,879480.54
br=0.1_btcRN=100000_ethRN=100000_flow=100%_start=d210_adl=off_emOn,True,1.0,210,False,0.1,15000.0,1384615385.0,100000.0,0.1,15000.0,923076923.0,100000.0,0.01,998346,779343,78.06,5000000.0,3255934764.37,33367727.92,434872.33,42811641.51,4009041.26,-38802600.25,9022553.09,4009041.26,596102.43,5000000.0,47426054391.09,2879937476.87,55.85,0.010248,0.013149,40571940.7,0.0,0,0,0,0,0.0,0,3504655.29,1508856.53,828191,170155,625476,153867,75.523,90.428,31318850.7,11492790.8,3375263.98,633777.28
br=0.1_btcRN=100000_ethRN=100000_flow=100%_start=d210_adl=on_emOff,False,1.0,210,True,0.1,15000.0,1384615385.0,100000.0,0.1,15000.0,923076923.0,100000.0,0.01,998346,779343,78.06,5000000.0,3939497425.31,45062630.06,569776.69,56061162.33,5428755.58,-50632406.75,10447085.71,5428755.58,596102.43,5000000.0,63802899003.49,2879937476.87,47.6604,0.011439,0.014231,53821089.04,0.0,0,0,0,0,0.0,0,3425232.13,1593097.99,828191,170155,625476,153867,75.523,90.428,40783293.06,15277869.27,4549270.73,879484.86
br=0.1_btcRN=100000_ethRN=100000_flow=100%_start=d210_adl=on_emOn,True,1.0,210,True,0.1,15000.0,1384615385.0,100000.0,0.1,15000.0,923076923.0,100000.0,0.01,998346,779343,78.06,5000000.0,3255934764.37,33367725.23,434872.33,42811641.51,4009043.94,-38802597.56,9022555.77,4009043.94,596102.43,5000000.0,47426054391.09,2879937476.87,55.85,0.010248,0.013149,40571940.7,0.0,0,0,0,0,0.0,0,3504655.29,1508856.54,828191,170155,625476,153867,75.523,90.428,31318850.7,11492790.8,3375263.98,633779.96
br=0.1_btcRN=100000_ethRN=100000_flow=100%_start=d217_adl=off_emOff,False,1.0,217,False,0.1,15000.0,1384615385.0,100000.0,0.1,15000.0,923076923.0,100000.0,0.01,896943,687171,76.61,5000000.0,3626096318.73,39612159.22,505907.47,49789080.49,4671013.8,-45118066.69,9687047.13,4671013.8,1045644.9,5000000.0,56307780987.69,2773450317.79,51.2542,0.010924,0.013731,47616469.57,0.0,0,0,0,0,0.0,0,3558626.81,1457406.52,745787,151156,551349,135822,73.928,89.856,35979719.52,13809360.97,3860341.03,810672.78
br=0.1_btcRN=100000_ethRN=100000_flow=100%_start=d217_adl=off_emOn,True,1.0,217,False,0.1,15000.0,1384615385.0,100000.0,0.1,15000.0,923076923.0,100000.0,0.01,896943,687171,76.61,5000000.0,3035307181.65,30118045.57,396052.65,39003770.14,3489671.92,-35514098.22,8501701.81,3489671.92,1045644.9,5000000.0,42928060534.53,2773450317.79,58.5458,0.009923,0.01285,36831475.13,0.0,0,0,0,0,0.0,0,3624636.81,1387393.08,745787,151156,551349,135822,73.928,89.856,28267795.55,10735974.59,2883996.99,605674.93
br=0.1_btcRN=100000_ethRN=100000_flow=100%_start=d217_adl=on_emOff,False,1.0,217,True,0.1,15000.0,1384615385.0,100000.0,0.1,15000.0,923076923.0,100000.0,0.01,896943,687171,76.61,5000000.0,3626096318.73,39612154.89,505907.47,49789080.49,4671018.13,-45118062.37,9687051.47,4671018.13,1045644.9,5000000.0,56307780987.69,2773450317.79,51.2542,0.010924,0.013731,47616469.57,0.0,0,0,0,0,0.0,0,3558626.81,1457406.53,745787,151156,551349,135822,73.928,89.856,35979719.52,13809360.97,3860341.03,810677.1
br=0.1_btcRN=100000_ethRN=100000_flow=100%_start=d217_adl=on_emOn,True,1.0,217,True,0.1,15000.0,1384615385.0,100000.0,0.1,15000.0,923076923.0,100000.0,0.01,896943,687171,76.61,5000000.0,3035307181.65,30118042.74,396052.65,39003770.14,3489674.75,-35514095.39,8501704.65,3489674.75,1045644.9,5000000.0,42928060534.53,2773450317.79,58.5458,0.009923,0.01285,36831475.13,0.0,0,0,0,0,0.0,0,3624636.81,1387393.09,745787,151156,551349,135822,73.928,89.856,28267795.55,10735974.59,2883996.99,605677.76
br=0.1_btcRN=100000_ethRN=100000_flow=100%_start=d21_adl=off_emOff,False,1.0,21,False,0.1,15000.0,1384615385.0,100000.0,0.1,15000.0,923076923.0,100000.0,0.01,3360879,2783285,82.81,5000000.0,8288132673.35,217619463.92,2528193.46,248802346.26,23654688.88,-225147657.38,28734520.82,23654688.88,2554656.2,5000000.0,304601367712.87,6430541278.0,10.7124,0.026257,0.030019,246638612.7,493.84,4,4,4,0,0.0,0.0,184566.37,4895265.56,2513554,847325,2010593,772692,79.99,91.192,159345577.56,89456768.69,17386123.96,6268564.91
br=0.1_btcRN=100000_ethRN=100000_flow=100%_start=d21_adl=off_emOn,True,1.0,21,False,0.1,15000.0,1384615385.0,100000.0,0.1,15000.0,923076923.0,100000.0,0.01,3360879,2783285,82.81,5000000.0,6152781503.58,102649006.03,1215137.11,119669436.64,10805293.5,-108864143.14,15841670.93,10805293.5,2554656.2,5000000.0,138805698936.55,6430541278.0,25.5271,0.016683,0.01945,117509146.62,493.84,4,4,4,0,0.0,0.0,956173.02,4080204.41,2513554,847325,2010593,772692,79.99,91.192,72096864.87,47572571.77,7522405.84,3282887.66
br=0.1_btcRN=100000_ethRN=100000_flow=100%_start=d21_adl=on_emOff,False,1.0,21,True,0.1,15000.0,1384615385.0,100000.0,0.1,15000.0,923076923.0,100000.0,0.01,3360879,2783285,82.81,5000000.0,8288132673.35,217551811.11,2528269.52,248802346.26,23722265.63,-225080080.62,28802249.68,23722265.63,2554656.2,5000000.0,304601367712.87,6430541278.0,10.7124,0.026249,0.030019,246638612.7,493.84,4,4,4,0,0.0,0.0,158826.14,4921157.9,2513554,847325,2010593,772692,79.99,91.192,159345577.56,89456768.69,17449368.23,6272897.4
br=0.1_btcRN=100000_ethRN=100000_flow=100%_start=d21_adl=on_emOn,True,1.0,21,True,0.1,15000.0,1384615385.0,100000.0,0.1,15000.0,923076923.0,100000.0,0.01,3360879,2783285,82.81,5000000.0,6152781503.58,102613561.52,1215176.96,119669436.64,10840698.16,-108828738.48,15877155.29,10840698.16,2554656.2,5000000.0,138805698936.55,6430541278.0,25.5271,0.016678,0.01945,117509146.62,493.84,4,4,4,0,0.0,0.0,942676.74,4093780.4,2513554,847325,2010593,772692,79.99,91.192,72096864.87,47572571.77,7555513.14,3285185.02
br=0.1_btcRN=100000_ethRN=100000_flow=100%_start=d224_adl=off_emOff,False,1.0,224,False,0.1,15000.0,1384615385.0,100000.0,0.1,15000.0,923076923.0,100000.0,0.01,815104,615626,75.53,5000000.0,3332630723.0,34446705.18,448870.85,44160636.91,4265060.88,-39895576.03,9279589.85,4265060.88,918651.24,5000000.0,49808872160.18,2773450317.79,54.9535,0.010336,0.013251,41876458.75,0.0,0,0,0,0,0.0,0,3156839.71,1857689.26,677800,137304,492641,122985,72.682,89.571,31654253.57,12506383.34,3503727.37,761333.51
br=0.1_btcRN=100000_ethRN=100000_flow=100%_start=d224_adl=off_emOn,True,1.0,224,False,0.1,15000.0,1384615385.0,100000.0,0.1,15000.0,923076923.0,100000.0,0.01,815104,615626,75.53,5000000.0,2829963047.96,26847049.18,360648.35,35502454.16,3294756.62,-32207697.54,8306004.25,3294756.62,918651.24,5000000.0,38989723985.92,2773450317.79,61.3394,0.009487,0.012545,33218540.48,0.0,0,0,0,0,0.0,0,3215787.59,1795460.03,677800,137304,492641,122985,72.682,89.571,25430431.93,10072022.23,2699789.22,594967.41
br=0.1_btcRN=100000_ethRN=100000_flow=100%_start=d224_adl=on_emOff,False,1.0,224,True,0.1,15000.0,1384615385.0,100000.0,0.1,15000.0,923076923.0,100000.0,0.01,815104,615626,75.53,5000000.0,3332630723.0,34446700.85,448870.86,44160636.91,4265065.2,-39895571.71,9279594.18,4265065.2,918651.24,5000000.0,49808872160.18,2773450317.79,54.9535,0.010336,0.013251,41876458.75,0.0,0,0,0,0,0.0,0,3156839.71,1857689.27,677800,137304,492641,122985,72.682,89.571,31654253.57,12506383.34,3503727.37,761337.84
br=0.1_btcRN=100000_ethRN=100000_flow=100%_start=d224_adl=on_emOn,True,1.0,224,True,0.1,15000.0,1384615385.0,100000.0,0.1,15000.0,923076923.0,100000.0,0.01,815104,615626,75.53,5000000.0,2829963047.96,26847046.19,360648.36,35502454.16,3294759.61,-32207694.54,8306007.25,3294759.61,918651.24,5000000.0,38989723985.92,2773450317.79,61.3394,0.009487,0.012545,33218540.48,0.0,0,0,0,0,0.0,0,3215787.59,1795460.04,677800,137304,492641,122985,72.682,89.571,25430431.93,10072022.23,2699789.22,594970.4
br=0.1_btcRN=100000_ethRN=100000_flow=100%_start=d231_adl=off_emOff,False,1.0,231,False,0.1,15000.0,1384615385.0,100000.0,0.1,15000.0,923076923.0,100000.0,0.01,728658,540457,74.17,5000000.0,3001534595.19,29243717.55,390245.63,38388519.9,3754556.72,-34633963.18,8767277.58,3754556.72,642111.31,5000000.0,43438367940.54,2636278902.22,59.0523,0.009743,0.01279,36157548.38,0.0,0,0,0,0,0.0,0,3217597.73,1795123.12,608184,120474,432952,107505,71.188,89.235,27652899.35,10735620.55,3084255.93,670300.79
br=0.1_btcRN=100000_ethRN=100000_flow=100%_start=d231_adl=off_emOn,True,1.0,231,False,0.1,15000.0,1384615385.0,100000.0,0.1,15000.0,923076923.0,100000.0,0.01,728658,540457,74.17,5000000.0,2587021402.35,23364752.99,321766.52,31670834.93,2984315.42,-28686519.51,7994431.76,2984315.42,642111.31,5000000.0,34995835900.91,2636278902.22,64.4805,0.009032,0.012242,29440075.44,0.0,0,0,0,0,0.0,0,3271037.45,1739078.88,608184,120474,432952,107505,71.188,89.235,22798076.66,8872758.27,2443501.06,540814.37
br=0.1_btcRN=100000_ethRN=100000_flow=100%_start=d231_adl=on_emOff,False,1.0,231,True,0.1,15000.0,1384615385.0,100000.0,0.1,15000.0,923076923.0,100000.0,0.01,728658,540457,74.17,5000000.0,3001534595.19,29243713.22,390245.63,38388519.9,3754561.04,-34633958.86,8767281.91,3754561.04,642111.31,5000000.0,43438367940.54,2636278902.22,59.0523,0.009743,0.01279,36157548.38,0.0,0,0,0,0,0.0,0,3217597.73,1795123.13,608184,120474,432952,107505,71.188,89.235,27652899.35,10735620.55,3084255.93,670305.12
br=0.1_btcRN=100000_ethRN=100000_flow=100%_start=d231_adl=on_emOn,True,1.0,231,True,0.1,15000.0,1384615385.0,100000.0,0.1,15000.0,923076923.0,100000.0,0.01,728658,540457,74.17,5000000.0,2587021402.35,23364749.81,321766.52,31670834.93,2984318.6,-28686516.33,7994434.94,2984318.6,642111.31,5000000.0,34995835900.91,2636278902.22,64.4805,0.009032,0.012242,29440075.44,0.0,0,0,0,0,0.0,0,3271037.45,1739078.89,608184,120474,432952,107505,71.188,89.235,22798076.66,8872758.27,2443501.06,540817.54
br=0.1_btcRN=100000_ethRN=100000_flow=100%_start=d238_adl=off_emOff,False,1.0,238,False,0.1,15000.0,1384615385.0,100000.0,0.1,15000.0,923076923.0,100000.0,0.01,645974,472393,73.13,5000000.0,2684845282.56,24506465.24,337293.21,33167281.83,3323523.37,-29843758.45,8334764.17,3323523.37,555491.1,5000000.0,37544148604.05,2590381092.26,63.2607,0.009128,0.012354,30873913.71,0.0,0,0,0,0,0.0,0,3375713.38,1635527.41,540072,105902,378213,94180,70.03,88.931,24102247.71,9065034.12,2738481.15,585042.23
br=0.1_btcRN=100000_ethRN=100000_flow=100%_start=d238_adl=off_emOn,True,1.0,238,False,0.1,15000.0,1384615385.0,100000.0,0.1,15000.0,923076923.0,100000.0,0.01,645974,472393,73.13,5000000.0,2352061716.36,20073071.78,285448.11,28083848.07,2725328.18,-25358519.89,7734547.44,2725328.18,555491.1,5000000.0,31106897249.15,2590381092.26,67.749,0.008534,0.01194,25790643.59,0.0,0,0,0,0,0.0,0,3412446.38,1596772.89,540072,105902,378213,94180,70.03,88.931,20419500.1,7664347.98,2238157.79,487170.39
br=0.1_btcRN=100000_ethRN=100000_flow=100%_start=d238_adl=on_emOff,False,1.0,238,True,0.1,15000.0,1384615385.0,100000.0,0.1,15000.0,923076923.0,100000.0,0.01,645974,472393,73.13,5000000.0,2684845282.56,24506460.91,337293.22,33167281.83,3323527.7,-29843754.13,8334768.5,3323527.7,555491.1,5000000.0,37544148604.05,2590381092.26,63.2607,0.009128,0.012354,30873913.71,0.0,0,0,0,0,0.0,0,3375713.38,1635527.42,540072,105902,378213,94180,70.03,88.931,24102247.71,9065034.12,2738481.15,585046.55
br=0.1_btcRN=100000_ethRN=100000_flow=100%_start=d238_adl=on_emOn,True,1.0,238,True,0.1,15000.0,1384615385.0,100000.0,0.1,15000.0,923076923.0,100000.0,0.01,645974,472393,73.13,5000000.0,2352061716.36,20073068.4,285448.12,28083848.07,2725331.55,-25358516.52,7734550.83,2725331.55,555491.1,5000000.0,31106897249.15,2590381092.26,67.749,0.008534,0.01194,25790643.59,0.0,0,0,0,0,0.0,0,3412446.38,1596772.9,540072,105902,378213,94180,70.03,88.931,20419500.1,7664347.98,2238157.79,487173.76
br=0.1_btcRN=100000_ethRN=100000_flow=100%_start=d245_adl=off_emOff,False,1.0,245,False,0.1,15000.0,1384615385.0,100000.0,0.1,15000.0,923076923.0,100000.0,0.01,552161,401340,72.69,5000000.0,2391174901.15,20445439.97,291706.65,28673250.2,2936103.58,-25737146.62,7946051.88,2936103.58,369756.13,5000000.0,32584377692.72,2510595148.14,67.1864,0.00855,0.011991,26399859.66,0.0,0,0,0,0,0.0,0,3502579.09,1507369.21,460847,91314,320485,80855,69.543,88.546,20925549.69,7747700.51,2422216.7,513886.87
br=0.1_btcRN=100000_ethRN=100000_flow=100%_start=d245_adl=off_emOn,True,1.0,245,False,0.1,15000.0,1384615385.0,100000.0,0.1,15000.0,923076923.0,100000.0,0.01,552161,401340,72.69,5000000.0,2126609815.69,17112141.97,252578.38,24838487.37,2473767.02,-22364720.35,7482154.02,2473767.02,369756.13,5000000.0,27686457823.11,2510595148.14,70.8493,0.008047,0.01168,22565222.34,0.0,0,0,0,0,0.0,0,3536635.12,1471751.89,460847,91314,320485,80855,69.543,88.546,18145412.6,6693074.77,2032779.95,440987.07
br=0.1_btcRN=100000_ethRN=100000_flow=100%_start=d245_adl=on_emOff,False,1.0,245,True,0.1,15000.0,1384615385.0,100000.0,0.1,15000.0,923076923.0,100000.0,0.01,552161,401340,72.69,5000000.0,2391174901.15,20445435.64,291706.66,28673250.2,2936107.9,-25737142.3,7946056.21,2936107.9,369756.13,5000000.0,32584377692.72,2510595148.14,67.1864,0.00855,0.011991,26399859.66,0.0,0,0,0,0,0.0,0,3502579.09,1507369.22,460847,91314,320485,80855,69.543,88.546,20925549.69,7747700.51,2422216.7,513891.2
br=0.1_btcRN=100000_ethRN=100000_flow=100%_start=d245_adl=on_emOn,True,1.0,245,True,0.1,15000.0,1384615385.0,100000.0,0.1,15000.0,923076923.0,100000.0,0.01,552161,401340,72.69,5000000.0,2126609815.69,17112138.41,252578.38,24838487.37,2473770.58,-22364716.79,7482157.59,2473770.58,369756.13,5000000.0,27686457823.11,2510595148.14,70.8493,0.008047,0.01168,22565222.34,0.0,0,0,0,0,0.0,0,3536635.12,1471751.9,460847,91314,320485,80855,69.543,88.546,18145412.6,6693074.77,2032779.95,440990.63
br=0.1_btcRN=100000_ethRN=100000_flow=100%_start=d252_adl=off_emOff,False,1.0,252,False,0.1,15000.0,1384615385.0,100000.0,0.1,15000.0,923076923.0,100000.0,0.01,451878,335065,74.15,5000000.0,2098087160.93,16639235.99,248510.27,24421827.57,2534081.31,-21887746.26,7542665.3,2534081.31,519739.24,5000000.0,27837184268.22,2510595148.14,71.303,0.007931,0.01164,22110877.99,0.0,0,0,0,0,0.0,0,3587058.59,1421525.4,374609,77269,266706,68359,71.196,88.469,17810679.51,6611148.06,2103630.2,430451.11
br=0.1_btcRN=100000_ethRN=100000_flow=100%_start=d252_adl=off_emOn,True,1.0,252,False,0.1,15000.0,1384615385.0,100000.0,0.1,15000.0,923076923.0,100000.0,0.01,451878,335065,74.15,5000000.0,1896193505.66,14236804.05,220165.09,21645559.45,2188590.31,-19456969.14,7196009.3,2188590.31,519739.24,5000000.0,24266057379.29,2510595148.14,74.1727,0.007508,0.011415,19334703.25,0.0,0,0,0,0,0.0,0,3615817.53,1391601.45,374609,77269,266706,68359,71.196,88.469,15799134.71,5846424.74,1810611.79,377978.52
br=0.1_btcRN=100000_ethRN=100000_flow=100%_start=d252_adl=on_emOff,False,1.0,252,True,0.1,15000.0,1384615385.0,100000.0,0.1,15000.0,923076923.0,100000.0,0.01,451878,335065,74.15,5000000.0,2098087160.93,16639231.66,248510.28,24421827.57,2534085.64,-21887741.94,7542669.64,2534085.64,519739.24,5000000.0,27837184268.22,2510595148.14,71.303,0.007931,0.01164,22110877.99,0.0,0,0,0,0,0.0,0,3587058.59,1421525.41,374609,77269,266706,68359,71.196,88.469,17810679.51,6611148.06,2103630.2,430455.43
br=0.1_btcRN=100000_ethRN=100000_flow=100%_start=d252_adl=on_emOn,True,1.0,252,True,0.1,15000.0,1384615385.0,100000.0,0.1,15000.0,923076923.0,100000.0,0.01,451878,335065,74.15,5000000.0,1896193505.66,14236800.27,220165.09,21645559.45,2188594.09,-19456965.36,7196013.08,2188594.09,519739.24,5000000.0,24266057379.29,2510595148.14,74.1727,0.007508,0.011415,19334703.25,0.0,0,0,0,0,0.0,0,3615817.53,1391601.46,374609,77269,266706,68359,71.196,88.469,15799134.71,5846424.74,1810611.79,377982.29
br=0.1_btcRN=100000_ethRN=100000_flow=100%_start=d259_adl=off_emOff,False,1.0,259,False,0.1,15000.0,1384615385.0,100000.0,0.1,15000.0,923076923.0,100000.0,0.01,367683,267003,72.62,5000000.0,1754367435.46,12445194.24,201334.42,19773272.04,2126743.38,-17646528.66,7133946.79,2126743.38,841643.46,5000000.0,22575320798.02,2510595148.14,76.1572,0.007094,0.011271,17507323.77,0.0,0,0,0,0,0.0,0,3471016.13,1536187.28,306840,60843,213345,53658,69.53,88.191,14372322.54,5400949.51,1781311.28,345432.1
br=0.1_btcRN=100000_ethRN=100000_flow=100%_start=d259_adl=off_emOn,True,1.0,259,False,0.1,15000.0,1384615385.0,100000.0,0.1,15000.0,923076923.0,100000.0,0.01,367683,267003,72.62,5000000.0,1615699349.61,10899052.31,182972.92,17976190.84,1894165.62,-16082025.22,6900587.63,1894165.62,841643.46,5000000.0,20235796750.82,2510595148.14,78.1874,0.006746,0.011126,15710304.71,0.0,0,0,0,0,0.0,0,3485240.81,1521181.21,306840,60843,213345,53658,69.53,88.191,13073297.76,4902893.08,1582570.09,311595.53
br=0.1_btcRN=100000_ethRN=100000_flow=100%_start=d259_adl=on_emOff,False,1.0,259,True,0.1,15000.0,1384615385.0,100000.0,0.1,15000.0,923076923.0,100000.0,0.01,367683,267003,72.62,5000000.0,1754367435.46,12445189.91,201334.43,19773272.04,2126747.7,-17646524.34,7133951.12,2126747.7,841643.46,5000000.0,22575320798.02,2510595148.14,76.1572,0.007094,0.011271,17507323.77,0.0,0,0,0,0,0.0,0,3471016.13,1536187.29,306840,60843,213345,53658,69.53,88.191,14372322.54,5400949.51,1781311.28,345436.43
br=0.1_btcRN=100000_ethRN=100000_flow=100%_start=d259_adl=on_emOn,True,1.0,259,True,0.1,15000.0,1384615385.0,100000.0,0.1,15000.0,923076923.0,100000.0,0.01,367683,267003,72.62,5000000.0,1615699349.61,10899048.27,182972.92,17976190.84,1894169.65,-16082021.19,6900591.68,1894169.65,841643.46,5000000.0,20235796750.82,2510595148.14,78.1874,0.006746,0.011126,15710304.71,0.0,0,0,0,0,0.0,0,3485240.81,1521181.21,306840,60843,213345,53658,69.53,88.191,13073297.76,4902893.08,1582570.09,311599.56
br=0.1_btcRN=100000_ethRN=100000_flow=100%_start=d28_adl=off_emOff,False,1.0,28,False,0.1,15000.0,1384615385.0,100000.0,0.1,15000.0,923076923.0,100000.0,0.01,3261176,2694014,82.61,5000000.0,8135790232.54,205035728.15,2386316.2,234818914.18,22396869.84,-212422044.34,27473123.95,22396869.84,2257755.69,5000000.0,285460760399.91,6430541278.0,11.5813,0.025202,0.028862,232617169.89,0.0,0,0,0,0,0.0,0,438978.73,4637275.38,2471517,789659,1975734,718280,79.94,90.961,154793395.35,80025518.84,16771272.15,5625597.69
br=0.1_btcRN=100000_ethRN=100000_flow=100%_start=d28_adl=off_emOn,True,1.0,28,False,0.1,15000.0,1384615385.0,100000.0,0.1,15000.0,923076923.0,100000.0,0.01,3261176,2694014,82.61,5000000.0,6045362868.13,98665560.24,1172492.86,115428136.45,10590083.34,-104838053.11,15626506.34,10590083.34,2257755.69,5000000.0,133161240130.49,6430541278.0,26.4725,0.016321,0.019094,113229490.85,0.0,0,0,0,0,0.0,0,1170375.23,3866047.76,2471517,789659,1975734,718280,79.94,90.961,73071338.88,42356797.56,7585385.29,3004698.05
br=0.1_btcRN=100000_ethRN=100000_flow=100%_start=d28_adl=on_emOff,False,1.0,28,True,0.1,15000.0,1384615385.0,100000.0,0.1,15000.0,923076923.0,100000.0,0.01,3261176,2694014,82.61,5000000.0,8135790232.54,204968075.33,2386392.25,234818914.18,22464446.6,-212354467.59,27540852.82,22464446.6,2257755.69,5000000.0,285460760399.91,6430541278.0,11.5813,0.025193,0.028862,232617169.89,0.0,0,0,0,0,0.0,0,413238.49,4663167.72,2471517,789659,1975734,718280,79.94,90.961,154793395.35,80025518.84,16834516.42,5629930.18
br=0.1_btcRN=100000_ethRN=100000_flow=100%_start=d28_adl=on_emOn,True,1.0,28,True,0.1,15000.0,1384615385.0,100000.0,0.1,15000.0,923076923.0,100000.0,0.01,3261176,2694014,82.61,5000000.0,6045362868.13,98626066.79,1172537.27,115428136.45,10629532.39,-104798604.06,15666044.2,10629532.39,2257755.69,5000000.0,133161240130.49,6430541278.0,26.4725,0.016314,0.019094,113229490.85,0.0,0,0,0,0,0.0,0,1155335.73,3881176.07,2471517,789659,1975734,718280,79.94,90.961,73071338.88,42356797.56,7622270.49,3007261.9
br=0.1_btcRN=100000_ethRN=100000_flow=100%_start=d35_adl=off_emOff,False,1.0,35,False,0.1,15000.0,1384615385.0,100000.0,0.1,15000.0,923076923.0,100000.0,0.01,3186393,2629280,82.52,5000000.0,8024221068.08,195940201.13,2283064.35,224670790.34,21447524.86,-203223265.48,26515361.89,21447524.86,1653143.86,5000000.0,272237205286.94,6430541278.0,12.2855,0.024419,0.027999,222361688.89,4744.4,9,10,10,0,0.0,0.0,1239969.99,3827867.03,2431387,755006,1943126,686154,79.918,90.881,150482282.46,74188507.87,16269769.24,5177755.62
br=0.1_btcRN=100000_ethRN=100000_flow=100%_start=d35_adl=off_emOn,True,1.0,35,False,0.1,15000.0,1384615385.0,100000.0,0.1,15000.0,923076923.0,100000.0,0.01,3186393,2629280,82.52,5000000.0,5970280328.7,95773844.86,1141173.52,112337540.46,10422522.08,-101915018.39,15453242.45,10422522.08,1653143.86,5000000.0,129752495557.17,6430541278.0,27.2138,0.016042,0.018816,110031256.81,4744.4,9,10,10,0,0.0,0.0,1949669.33,3081051.04,2431387,755006,1943126,686154,79.918,90.881,73049825.48,39287714.99,7610663.7,2811858.38
br=0.1_btcRN=100000_ethRN=100000_flow=100%_start=d35_adl=on_emOff,False,1.0,35,True,0.1,15000.0,1384615385.0,100000.0,0.1,15000.0,923076923.0,100000.0,0.01,3186393,2629280,82.52,5000000.0,8024221068.08,195872548.32,2283140.41,224670790.34,21515101.62,-203155688.72,26583090.75,21515101.62,1653143.86,5000000.0,272237205286.94,6430541278.0,12.2855,0.02441,0.027999,222361688.89,4744.4,9,10,10,0,0.0,0.0,1214229.76,3853759.37,2431387,755006,1943126,686154,79.918,90.881,150482282.46,74188507.87,16333013.51,5182088.11
br=0.1_btcRN=100000_ethRN=100000_flow=100%_start=d35_adl=on_emOn,True,1.0,35,True,0.1,15000.0,1384615385.0,100000.0,0.1,15000.0,923076923.0,100000.0,0.01,3186393,2629280,82.52,5000000.0,5970280328.7,95730620.63,1141222.12,112337540.46,10465697.71,-101871842.75,15496515.28,10465697.71,1653143.86,5000000.0,129752495557.17,6430541278.0,27.2138,0.016035,0.018816,110031256.81,4744.4,9,10,10,0,0.0,0.0,1933207.64,3097609.93,2431387,755006,1943126,686154,79.918,90.881,73049825.48,39287714.99,7651029.28,2814668.43
br=0.1_btcRN=100000_ethRN=100000_flow=100%_start=d42_adl=off_emOff,False,1.0,42,False,0.1,15000.0,1384615385.0,100000.0,0.1,15000.0,923076923.0,100000.0,0.01,3119962,2576255,82.57,5000000.0,7955369569.19,189535928.73,2207842.39,217305801.06,20562029.95,-196743771.11,25621028.57,20562029.95,863803.14,5000000.0,262332553750.81,6430541278.0,12.8524,0.023825,0.027316,214726047.93,8180.83,28,36,36,0,-0.0,0.0,1233267.79,3825730.83,2391845,728117,1914020,662235,80.023,90.952,146735695.07,70570105.99,15773492.17,4788537.77
br=0.1_btcRN=100000_ethRN=100000_flow=100%_start=d42_adl=off_emOn,True,1.0,42,False,0.1,15000.0,1384615385.0,100000.0,0.1,15000.0,923076923.0,100000.0,0.01,3119962,2576255,82.57,5000000.0,5930807688.91,93963219.42,1119087.75,110188007.96,10105700.79,-100082307.16,15129545.99,10105700.79,863803.14,5000000.0,127100758873.02,6430541278.0,27.7956,0.015843,0.018579,107610860.2,8180.83,28,36,36,0,-0.0,0.0,1909591.18,3114254.01,2391845,728117,1914020,662235,80.023,90.952,72569664.92,37618343.04,7509757.95,2595942.84
br=0.1_btcRN=100000_ethRN=100000_flow=100%_start=d42_adl=on_emOff,False,1.0,42,True,0.1,15000.0,1384615385.0,100000.0,0.1,15000.0,923076923.0,100000.0,0.01,3119962,2576255,82.57,5000000.0,7955369569.19,189468275.91,2207918.44,217305801.06,20629606.7,-196676194.36,25688757.43,20629606.7,863803.14,5000000.0,262332553750.81,6430541278.0,12.8524,0.023816,0.027316,214726047.93,8180.83,28,36,36,0,-0.0,0.0,1207527.56,3851623.16,2391845,728117,1914020,662235,80.023,90.952,146735695.07,70570105.99,15836736.44,4792870.26
br=0.1_btcRN=100000_ethRN=100000_flow=100%_start=d42_adl=on_emOn,True,1.0,42,True,0.1,15000.0,1384615385.0,100000.0,0.1,15000.0,923076923.0,100000.0,0.01,3119962,2576255,82.57,5000000.0,5930807688.91,93916627.69,1119140.13,110188007.96,10152240.14,-100035767.82,15176190.11,10152240.14,863803.14,5000000.0,127100758873.02,6430541278.0,27.7956,0.015835,0.018579,107610860.2,8180.83,28,36,36,0,-0.0,0.0,1891845.62,3132104.35,2391845,728117,1914020,662235,80.023,90.952,72569664.92,37618343.04,7553264.5,2598975.64
br=0.1_btcRN=100000_ethRN=100000_flow=100%_start=d49_adl=off_emOff,False,1.0,49,False,0.1,15000.0,1384615385.0,100000.0,0.1,15000.0,923076923.0,100000.0,0.01,3040309,2517319,82.8,5000000.0,7831735276.95,183545426.59,2135936.74,210281872.91,19600509.57,-190681363.33,24666745.6,19600509.57,883845.16,5000000.0,251529830279.32,6430541278.0,13.3795,0.023436,0.02685,208065617.05,0.0,0,0,0,0,0.0,0,1380361.12,3685874.9,2342092,698217,1881624,635695,80.339,91.045,143075948.34,67205924.57,15208023.34,4392486.23
br=0.1_btcRN=100000_ethRN=100000_flow=100%_start=d49_adl=off_emOn,True,1.0,49,False,0.1,15000.0,1384615385.0,100000.0,0.1,15000.0,923076923.0,100000.0,0.01,3040309,2517319,82.8,5000000.0,5834464504.52,91967617.89,1093205.9,107684603.69,9623779.91,-98060823.79,14656499.63,9623779.91,883845.16,5000000.0,122405692909.72,6430541278.0,28.3258,0.015763,0.018457,105470790.99,0.0,0,0,0,0,0.0,0,2035760.2,2996959.52,2342092,698217,1881624,635695,80.339,91.045,71790252.86,35894350.84,7291220.02,2332559.89
br=0.1_btcRN=100000_ethRN=100000_flow=100%_start=d49_adl=on_emOff,False,1.0,49,True,0.1,15000.0,1384615385.0,100000.0,0.1,15000.0,923076923.0,100000.0,0.01,3040309,2517319,82.8,5000000.0,7831735276.95,183477773.78,2136012.8,210281872.91,19668086.33,-190613786.57,24734474.47,19668086.33,883845.16,5000000.0,251529830279.32,6430541278.0,13.3795,0.023427,0.02685,208065617.05,0.0,0,0,0,0,0.0,0,1354620.89,3711767.24,2342092,698217,1881624,635695,80.339,91.045,143075948.34,67205924.57,15271267.61,4396818.72
br=0.1_btcRN=100000_ethRN=100000_flow=100%_start=d49_adl=on_emOn,True,1.0,49,True,0.1,15000.0,1384615385.0,100000.0,0.1,15000.0,923076923.0,100000.0,0.01,3040309,2517319,82.8,5000000.0,5834464504.52,91917537.62,1093262.21,107684603.69,9673803.87,-98010799.83,14706636.21,9673803.87,883845.16,5000000.0,122405692909.72,6430541278.0,28.3258,0.015754,0.018457,105470790.99,0.0,0,0,0,0,0.0,0,2016684.44,3016147.9,2342092,698217,1881624,635695,80.339,91.045,71790252.86,35894350.84,7337979.95,2335823.91
br=0.1_btcRN=100000_ethRN=100000_flow=100%_start=d56_adl=off_emOff,False,1.0,56,False,0.1,15000.0,1384615385.0,100000.0,0.1,15000.0,923076923.0,100000.0,0.01,2970289,2464147,82.96,5000000.0,7735100159.54,176301749.04,2054748.72,202290419.45,18933921.7,-183356497.76,23987659.57,18933921.7,669484.18,5000000.0,240284358523.16,6430541278.0,14.0692,0.022792,0.026152,199923852.65,9699.2,16,16,16,0,-0.0,0.0,1430456.8,3623281.07,2298053,672236,1851883,612264,80.585,91.079,139050793.86,63239625.59,14777666.77,4156254.93
br=0.1_btcRN=100000_ethRN=100000_flow=100%_start=d56_adl=off_emOn,True,1.0,56,False,0.1,15000.0,1384615385.0,100000.0,0.1,15000.0,923076923.0,100000.0,0.01,2970289,2464147,82.96,5000000.0,5773560808.7,89567065.77,1067927.49,105184473.85,9549480.6,-95634993.25,14571694.92,9549480.6,669484.18,5000000.0,118376114791.02,6430541278.0,29.0037,0.015513,0.018218,102820177.09,9699.2,16,16,16,0,-0.0,0.0,2058381.85,2963832.47,2298053,672236,1851883,612264,80.585,91.079,71335824.69,33848649.16,7299089.43,2250391.17
br=0.1_btcRN=100000_ethRN=100000_flow=100%_start=d56_adl=on_emOff,False,1.0,56,True,0.1,15000.0,1384615385.0,100000.0,0.1,15000.0,923076923.0,100000.0,0.01,2970289,2464147,82.96,5000000.0,7735100159.54,176234096.23,2054824.77,202290419.45,19001498.45,-183288921.0,24055388.43,19001498.45,669484.18,5000000.0,240284358523.16,6430541278.0,14.0692,0.022784,0.026152,199923852.65,9699.2,16,16,16,0,-0.0,0.0,1404716.57,3649173.41,2298053,672236,1851883,612264,80.585,91.079,139050793.86,63239625.59,14840911.04,4160587.42
br=0.1_btcRN=100000_ethRN=100000_flow=100%_start=d56_adl=on_emOn,True,1.0,56,True,0.1,15000.0,1384615385.0,100000.0,0.1,15000.0,923076923.0,100000.0,0.01,2970289,2464147,82.96,5000000.0,5773560808.7,89511787.93,1067989.64,105184473.85,9604696.28,-95579777.57,14627034.91,9604696.28,669484.18,5000000.0,118376114791.02,6430541278.0,29.0037,0.015504,0.018218,102820177.09,9699.2,16,16,16,0,-0.0,0.0,2037323.94,2985014.7,2298053,672236,1851883,612264,80.585,91.079,71335824.69,33848649.16,7350695.75,2254000.53
br=0.1_btcRN=100000_ethRN=100000_flow=100%_start=d63_adl=off_emOff,False,1.0,63,False,0.1,15000.0,1384615385.0,100000.0,0.1,15000.0,923076923.0,100000.0,0.01,2903747,2411815,83.06,5000000.0,7667103306.98,171010901.03,1992710.25,196216906.64,18213295.36,-178003611.28,23274377.72,18213295.36,978916.52,5000000.0,232769158785.21,6430541278.0,14.6398,0.022304,0.025592,193626967.29,0.0,0,0,0,0,0.0,0,2134521.53,2926560.83,2254900,648847,1820487,591328,80.735,91.135,135812584.15,60404322.49,14328364.98,3884930.37
br=0.1_btcRN=100000_ethRN=100000_flow=100%_start=d63_adl=off_emOn,True,1.0,63,False,0.1,15000.0,1384615385.0,100000.0,0.1,15000.0,923076923.0,100000.0,0.01,2903747,2411815,83.06,5000000.0,5735066331.75,88006492.99,1048809.56,103328900.95,9273598.41,-94055302.55,14304639.5,9273598.41,978916.52,5000000.0,116358942848.69,6430541278.0,29.5526,0.015345,0.018017,100741114.76,0.0,0,0,0,0,0.0,0,2737186.72,2293854.37,2254900,648847,1820487,591328,80.735,91.135,70900425.81,32428475.14,7183238.85,2090359.56
br=0.1_btcRN=100000_ethRN=100000_flow=100%_start=d63_adl=on_emOff,False,1.0,63,True,0.1,15000.0,1384615385.0,100000.0,0.1,15000.0,923076923.0,100000.0,0.01,2903747,2411815,83.06,5000000.0,7667103306.98,170943248.22,1992786.3,196216906.64,18280872.11,-177936034.53,23342106.59,18280872.11,978916.52,5000000.0,232769158785.21,6430541278.0,14.6398,0.022296,0.025592,193626967.29,0.0,0,0,0,0,0.0,0,2108781.3,2952453.17,2254900,648847,1820487,591328,80.735,91.135,135812584.15,60404322.49,14391609.25,3889262.86
br=0.1_btcRN=100000_ethRN=100000_flow=100%_start=d63_adl=on_emOn,True,1.0,63,True,0.1,15000.0,1384615385.0,100000.0,0.1,15000.0,923076923.0,100000.0,0.01,2903747,2411815,83.06,5000000.0,5735066331.75,87946223.24,1048877.33,103328900.95,9333800.38,-93995100.57,14364977.02,9333800.38,978916.52,5000000.0,116358942848.69,6430541278.0,29.5526,0.015335,0.018017,100741114.76,0.0,0,0,0,0,0.0,0,2714224.78,2316951.86,2254900,648847,1820487,591328,80.735,91.135,70900425.81,32428475.14,7239498.91,2094301.47
br=0.1_btcRN=100000_ethRN=100000_flow=100%_start=d70_adl=off_emOff,False,1.0,70,False,0.1,15000.0,1384615385.0,100000.0,0.1,15000.0,923076923.0,100000.0,0.01,2802773,2331946,83.2,5000000.0,7498494459.69,163912083.29,1905451.11,187705061.3,16887526.91,-170817534.39,21944327.9,16887526.91,3553735.67,5000000.0,221844607883.82,6430541278.0,15.4195,0.021859,0.025032,185594856.71,0.0,0,0,0,0,0.0,0,1913996.95,3142804.04,2183148,619625,1766743,565203,80.926,91.217,130103044.26,57602017.05,13388472.31,3499054.6
br=0.1_btcRN=100000_ethRN=100000_flow=100%_start=d70_adl=off_emOn,True,1.0,70,False,0.1,15000.0,1384615385.0,100000.0,0.1,15000.0,923076923.0,100000.0,0.01,2802773,2331946,83.2,5000000.0,5605892907.18,85661380.63,1015573.85,100133978.72,8457024.25,-91676954.48,13485492.37,8457024.25,3553735.67,5000000.0,112237454825.24,6430541278.0,30.2933,0.015281,0.017862,98025806.08,0.0,0,0,0,0,0.0,0,2488884.61,2539583.52,2183148,619625,1766743,565203,80.926,91.217,68709324.02,31424654.71,6628000.06,1829024.19
br=0.1_btcRN=100000_ethRN=100000_flow=100%_start=d70_adl=on_emOff,False,1.0,70,True,0.1,15000.0,1384615385.0,100000.0,0.1,15000.0,923076923.0,100000.0,0.01,2802773,2331946,83.2,5000000.0,7504083395.76,163844430.47,1905527.16,187705061.3,16955103.67,-170749957.64,22012056.76,16955103.67,3490786.16,5000000.0,221844607883.82,6430541278.0,15.4262,0.021834,0.025014,185528775.8,0.0,0,0,0,0,0.0,0,1888447.2,3168505.89,2183148,619625,1766743,565203,80.926,91.217,130103044.26,57602017.05,13451716.58,3503387.09
br=0.1_btcRN=100000_ethRN=100000_flow=100%_start=d70_adl=on_emOn,True,1.0,70,True,0.1,15000.0,1384615385.0,100000.0,0.1,15000.0,923076923.0,100000.0,0.01,2802773,2331946,83.2,5000000.0,5611816197.14,85634093.53,1016090.05,100177457.29,8527273.72,-91650183.57,13555904.67,8527273.72,3490786.16,5000000.0,112292028015.26,6430541278.0,30.2996,0.01526,0.017851,98003202.73,0.0,0,0,0,0,0.0,0,2459615.67,2569015.27,2183148,619625,1766743,565203,80.926,91.217,68738056.84,31439400.45,6692950.88,1834322.84
br=0.1_btcRN=100000_ethRN=100000_flow=100%_start=d77_adl=off_emOff,False,1.0,77,False,0.1,15000.0,1384615385.0,100000.0,0.1,15000.0,923076923.0,100000.0,0.01,2663639,2207421,82.87,5000000.0,7295252962.48,151795379.3,1772201.22,174536376.28,15968795.76,-158567580.52,21022470.66,15968795.76,1307803.7,5000000.0,205579246294.69,4773673715.71,16.8519,0.020807,0.023925,172318673.11,0.0,0,0,0,0,0.0,0,2044810.02,3008864.88,2090854,572785,1686746,520675,80.673,90.902,122190638.73,52345737.54,12693258.29,3275537.46
br=0.1_btcRN=100000_ethRN=100000_flow=100%_start=d77_adl=off_emOn,True,1.0,77,False,0.1,15000.0,1384615385.0,100000.0,0.1,15000.0,923076923.0,100000.0,0.01,2663639,2207421,82.87,5000000.0,5474728536.14,81295122.78,970649.83,95654978.0,8389205.38,-87265772.62,13417405.48,8389205.38,1307803.7,5000000.0,106992719049.84,4773673715.71,31.6093,0.014849,0.017472,93439099.17,0.0,0,0,0,0,0.0,0,2547015.72,2481184.39,2090854,572785,1686746,520675,80.673,90.902,66641882.37,29013095.62,6585869.3,1803336.08
br=0.1_btcRN=100000_ethRN=100000_flow=100%_start=d77_adl=on_emOff,False,1.0,77,True,0.1,15000.0,1384615385.0,100000.0,0.1,15000.0,923076923.0,100000.0,0.01,2663639,2207421,82.87,5000000.0,7295252962.48,151790647.9,1772206.47,174536376.28,15973521.9,-158562854.37,21027207.32,15973521.9,1307803.7,5000000.0,205579246294.69,4773673715.71,16.8519,0.020807,0.023925,172318673.11,0.0,0,0,0,0,0.0,0,2043109.62,3010575.79,2090854,572785,1686746,520675,80.673,90.902,122190638.73,52345737.54,12697980.12,3275541.79
br=0.1_btcRN=100000_ethRN=100000_flow=100%_start=d77_adl=on_emOn,True,1.0,77,True,0.1,15000.0,1384615385.0,100000.0,0.1,15000.0,923076923.0,100000.0,0.01,2663639,2207421,82.87,5000000.0,5474728536.14,81291394.01,970653.97,95654978.0,8392930.02,-87262047.98,13421138.4,8392930.02,1307803.7,5000000.0,106992719049.84,4773673715.71,31.6093,0.014848,0.017472,93439099.17,0.0,0,0,0,0,0.0,0,2545672.46,2482535.92,2090854,572785,1686746,520675,80.673,90.902,66641882.37,29013095.62,6589592.51,1803337.51
br=0.1_btcRN=100000_ethRN=100000_flow=100%_start=d7_adl=off_emOff,False,1.0,7,False,0.1,15000.0,1384615385.0,100000.0,0.1,15000.0,923076923.0,100000.0,0.01,3544070,2945695,83.12,5000000.0,8564861409.07,241093018.84,2793879.61,274965436.49,26078538.04,-248886898.45,31166988.53,26078538.04,1058545.97,5000000.0,339867716058.43,6430541278.0,9.3409,0.028149,0.032104,272633901.84,0.0,0,0,0,0,0.0,0,406451.82,4681998.67,2588318,955752,2071520,874175,80.033,91.465,168633068.88,106332367.61,18341517.66,7737020.38
br=0.1_btcRN=100000_ethRN=100000_flow=100%_start=d7_adl=off_emOn,True,1.0,7,False,0.1,15000.0,1384615385.0,100000.0,0.1,15000.0,923076923.0,100000.0,0.01,3544070,2945695,83.12,5000000.0,6358560296.78,109887483.92,1294041.18,127482264.54,11300739.43,-116181525.1,16339176.51,11300739.43,1058545.97,5000000.0,148138617731.19,6430541278.0,23.9597,0.017282,0.020049,125154799.03,0.0,0,0,0,0,0.0,0,1311491.64,3726945.44,2588318,955752,2071520,874175,80.033,91.465,71959632.24,55522632.3,7326728.91,3974010.53
br=0.1_btcRN=100000_ethRN=100000_flow=100%_start=d7_adl=on_emOff,False,1.0,7,True,0.1,15000.0,1384615385.0,100000.0,0.1,15000.0,923076923.0,100000.0,0.01,3544070,2945695,83.12,5000000.0,8564861409.07,241025366.03,2793955.66,274965436.49,26146114.8,-248819321.69,31234717.39,26146114.8,1058545.97,5000000.0,339867716058.43,6430541278.0,9.3409,0.028141,0.032104,272633901.84,0.0,0,0,0,0,0.0,0,380711.59,4707891.01,2588318,955752,2071520,874175,80.033,91.465,168633068.88,106332367.61,18404761.93,7741352.87
br=0.1_btcRN=100000_ethRN=100000_flow=100%_start=d7_adl=on_emOn,True,1.0,7,True,0.1,15000.0,1384615385.0,100000.0,0.1,15000.0,923076923.0,100000.0,0.01,3544070,2945695,83.12,5000000.0,6358560296.78,109857476.51,1294074.92,127482264.54,11330713.1,-116151551.44,16369217.66,11330713.1,1058545.97,5000000.0,148138617731.19,6430541278.0,23.9597,0.017277,0.020049,125154799.03,0.0,0,0,0,0,0.0,0,1300067.2,3738437.35,2588318,955752,2071520,874175,80.033,91.465,71959632.24,55522632.3,7354761.82,3975951.28
br=0.1_btcRN=100000_ethRN=100000_flow=100%_start=d84_adl=off_emOff,False,1.0,84,False,0.1,15000.0,1384615385.0,100000.0,0.1,15000.0,923076923.0,100000.0,0.01,2544851,2110631,82.94,5000000.0,7169126279.32,143533885.44,1679331.33,165385171.03,15171954.26,-150213216.77,20222913.51,15171954.26,705415.45,5000000.0,193794985426.39,4773673715.71,18.01,0.020021,0.023069,162764459.1,0.0,0,0,0,0,0.0,0,2173467.47,2877491.78,2005731,539120,1619987,490644,80.768,91.008,116124685.82,49260485.21,12059928.81,3112025.45
br=0.1_btcRN=100000_ethRN=100000_flow=100%_start=d84_adl=off_emOn,True,1.0,84,False,0.1,15000.0,1384615385.0,100000.0,0.1,15000.0,923076923.0,100000.0,0.01,2544851,2110631,82.94,5000000.0,5405801809.2,78509217.02,940342.67,92657041.97,8207482.27,-84449559.7,13235026.78,8207482.27,705415.45,5000000.0,102946096096.64,4773673715.71,32.6412,0.014523,0.01714,90038000.61,0.0,0,0,0,0,0.0,0,2646502.98,2381041.52,2005731,539120,1619987,490644,80.768,91.008,64786499.29,27870542.68,6422493.38,1784988.89
br=0.1_btcRN=100000_ethRN=100000_flow=100%_start=d84_adl=on_emOff,False,1.0,84,True,0.1,15000.0,1384615385.0,100000.0,0.1,15000.0,923076923.0,100000.0,0.01,2544851,2110631,82.94,5000000.0,7169126279.32,143529154.04,1679336.59,165385171.03,15176680.41,-150208490.62,20227650.16,15176680.41,705415.45,5000000.0,193794985426.39,4773673715.71,18.01,0.02002,0.023069,162764459.1,0.0,0,0,0,0,0.0,0,2171767.07,2879202.68,2005731,539120,1619987,490644,80.768,91.008,116124685.82,49260485.21,12064650.64,3112029.77
br=0.1_btcRN=100000_ethRN=100000_flow=100%_start=d84_adl=on_emOn,True,1.0,84,True,0.1,15000.0,1384615385.0,100000.0,0.1,15000.0,923076923.0,100000.0,0.01,2544851,2110631,82.94,5000000.0,5405801809.2,78504985.74,940347.37,92657041.97,8211708.85,-84445333.12,13239262.76,8211708.85,705415.45,5000000.0,102946096096.64,4773673715.71,32.6412,0.014522,0.01714,90038000.61,0.0,0,0,0,0,0.0,0,2644978.05,2382575.85,2005731,539120,1619987,490644,80.768,91.008,64786499.29,27870542.68,6426718.48,1784990.37
br=0.1_btcRN=100000_ethRN=100000_flow=100%_start=d91_adl=off_emOff,False,1.0,91,False,0.1,15000.0,1384615385.0,100000.0,0.1,15000.0,923076923.0,100000.0,0.01,2451213,2034248,82.99,5000000.0,7021272387.07,137953025.72,1611587.89,158775816.89,14211203.29,-144564613.61,19228060.41,14211203.29,824303.47,5000000.0,186061624765.89,4773673715.71,18.8386,0.019648,0.022614,156475494.8,17079.3,22,38,38,0,-0.0,0.0,2267124.46,2749732.67,1940210,511003,1568461,465787,80.84,91.152,111873732.18,46902084.72,11351036.18,2860167.1
br=0.1_btcRN=100000_ethRN=100000_flow=100%_start=d91_adl=off_emOn,True,1.0,91,False,0.1,15000.0,1384615385.0,100000.0,0.1,15000.0,923076923.0,100000.0,0.01,2451213,2034248,82.99,5000000.0,5298106281.55,76512575.62,913182.4,90043457.61,7617699.6,-82425758.01,12612392.92,7617699.6,824303.47,5000000.0,100211624188.44,4773673715.71,33.3659,0.014441,0.016995,87744714.02,17079.3,22,38,38,0,-0.0,0.0,2720969.34,2273723.98,1940210,511003,1568461,465787,80.84,91.152,63291908.89,26751548.72,5997862.93,1619836.67
br=0.1_btcRN=100000_ethRN=100000_flow=100%_start=d91_adl=on_emOff,False,1.0,91,True,0.1,15000.0,1384615385.0,100000.0,0.1,15000.0,923076923.0,100000.0,0.01,2451213,2034248,82.99,5000000.0,7021272387.07,137948294.32,1611593.14,158775816.89,14215929.43,-144559887.46,19232797.06,14215929.43,824303.47,5000000.0,186061624765.89,4773673715.71,18.8386,0.019647,0.022614,156475494.8,17079.3,22,38,38,0,-0.0,0.0,2266658.11,2750209.52,1940210,511003,1568461,465787,80.84,91.152,111873732.18,46902084.72,11355758.01,2860171.43
br=0.1_btcRN=100000_ethRN=100000_flow=100%_start=d91_adl=on_emOn,True,1.0,91,True,0.1,15000.0,1384615385.0,100000.0,0.1,15000.0,923076923.0,100000.0,0.01,2451213,2034248,82.99,5000000.0,5298106281.55,76507913.53,913187.57,90043457.61,7622356.51,-82421101.1,12617060.18,7622356.51,824303.47,5000000.0,100211624188.44,4773673715.71,33.3659,0.014441,0.016995,87744714.02,17079.3,22,38,38,0,-0.0,0.0,2717963.51,2276740.17,1940210,511003,1568461,465787,80.84,91.152,63291908.89,26751548.72,6002518.33,1619838.18
br=0.1_btcRN=100000_ethRN=100000_flow=100%_start=d98_adl=off_emOff,False,1.0,98,False,0.1,15000.0,1384615385.0,100000.0,0.1,15000.0,923076923.0,100000.0,0.01,2350032,1947396,82.87,5000000.0,6862516470.99,130629699.01,1530364.62,150749249.84,13589186.22,-137160063.63,18634930.45,13589186.22,1127412.91,5000000.0,176238456498.3,4353230033.61,19.9764,0.019035,0.021967,148486928.88,0.0,0,0,0,0,0.0,0,2355685.96,2690058.28,1867490,482542,1508194,439202,80.76,91.018,106582713.63,44166536.21,10908591.14,2680595.07
br=0.1_btcRN=100000_ethRN=100000_flow=100%_start=d98_adl=off_emOn,True,1.0,98,False,0.1,15000.0,1384615385.0,100000.0,0.1,15000.0,923076923.0,100000.0,0.01,2350032,1947396,82.87,5000000.0,5193368501.62,73670104.31,882821.68,87023361.8,7470435.81,-79552925.99,12495611.93,7470435.81,1127412.91,5000000.0,96619686083.06,4353230033.61,34.3449,0.014185,0.016757,84762503.92,0.0,0,0,0,0,0.0,0,2790536.85,2234639.28,1867490,482542,1508194,439202,80.76,91.018,61477269.1,25546092.69,5923449.58,1546986.23
br=0.1_btcRN=100000_ethRN=100000_flow=100%_start=d98_adl=on_emOff,False,1.0,98,True,0.1,15000.0,1384615385.0,100000.0,0.1,15000.0,923076923.0,100000.0,0.01,2350032,1947396,82.87,5000000.0,6862516470.99,130629668.73,1530364.65,150749249.84,13589216.46,-137160033.38,18634960.77,13589216.46,1127412.91,5000000.0,176238456498.3,4353230033.61,19.9764,0.019035,0.021967,148486928.88,0.0,0,0,0,0,0.0,0,2355686.02,2690058.29,1867490,482542,1508194,439202,80.76,91.018,106582713.63,44166536.21,10908617.07,2680599.4
br=0.1_btcRN=100000_ethRN=100000_flow=100%_start=d98_adl=on_emOn,True,1.0,98,True,0.1,15000.0,1384615385.0,100000.0,0.1,15000.0,923076923.0,100000.0,0.01,2350032,1947396,82.87,5000000.0,5193368501.62,73670077.9,882821.71,87023361.8,7470462.19,-79552899.61,12495638.37,7470462.19,1127412.91,5000000.0,96619686083.06,4353230033.61,34.3449,0.014185,0.016757,84762503.92,0.0,0,0,0,0,0.0,0,2790536.9,2234639.28,1867490,482542,1508194,439202,80.76,91.018,61477269.1,25546092.69,5923474.4,1546987.79
br=0.1_btcRN=100000_ethRN=100000_flow=25%_start=d0_adl=off_emOff,False,0.25,0,False,0.1,15000.0,1384615385.0,100000.0,0.1,15000.0,923076923.0,100000.0,0.01,900685,748950,83.15,5000000.0,4594175262.5,58459943.35,720721.6,70924035.65,6743370.7,-64180664.95,11766332.84,6743370.7,340371.72,5000000.0,88102648830.69,1632224153.62,40.4631,0.012725,0.015438,68647658.43,0.35,1,1,1,0,0.0,0.0,1717309.88,3305652.27,655226,245459,524322,224628,80.022,91.513,42864614.69,28059420.97,4545366.29,2198004.41
br=0.1_btcRN=100000_ethRN=100000_flow=25%_start=d0_adl=off_emOn,True,0.25,0,False,0.1,15000.0,1384615385.0,100000.0,0.1,15000.0,923076923.0,100000.0,0.01,900685,748950,83.15,5000000.0,3721735052.49,41265260.53,523887.93,51573718.22,4784569.77,-46789148.46,9800870.9,4784569.77,340371.72,5000000.0,61907874316.06,1632224153.62,50.2411,0.011088,0.013857,49297875.04,0.35,1,1,1,0,0.0,0.0,1776088.45,3240212.68,655226,245459,524322,224628,80.022,91.513,30069811.83,21503906.39,3124732.46,1659837.31
br=0.1_btcRN=100000_ethRN=100000_flow=25%_start=d0_adl=on_emOff,False,0.25,0,True,0.1,15000.0,1384615385.0,100000.0,0.1,15000.0,923076923.0,100000.0,0.01,900685,748950,83.15,5000000.0,4594175262.5,58402324.08,720786.49,70924035.65,6800925.08,-64123110.58,11824017.0,6800925.08,340371.72,5000000.0,88102648830.69,1632224153.62,40.4631,0.012712,0.015438,68647658.43,0.35,1,1,1,0,0.0,0.0,1712717.92,3310374.0,655226,245459,524322,224628,80.022,91.513,42864614.69,28059420.97,4586215.0,2214710.08
br=0.1_btcRN=100000_ethRN=100000_flow=25%_start=d0_adl=on_emOn,True,0.25,0,True,0.1,15000.0,1384615385.0,100000.0,0.1,15000.0,923076923.0,100000.0,0.01,900685,748950,83.15,5000000.0,3721735052.49,41222537.45,523936.04,51573718.22,4827244.73,-46746473.49,9843642.1,4827244.73,340371.72,5000000.0,61907874316.06,1632224153.62,50.2411,0.011076,0.013857,49297875.04,0.35,1,1,1,0,0.0,0.0,1772688.04,3243709.33,655226,245459,524322,224628,80.022,91.513,30069811.83,21503906.39,3155013.3,1672231.44
br=0.1_btcRN=100000_ethRN=100000_flow=25%_start=d105_adl=off_emOff,False,0.25,105,False,0.1,15000.0,1384615385.0,100000.0,0.1,15000.0,923076923.0,100000.0,0.01,564928,467649,82.78,5000000.0,2844015641.58,27210517.49,363045.92,35760610.26,3187046.85,-32573563.41,8197926.49,3187046.85,410296.64,5000000.0,42168518445.58,1072894962.23,61.0972,0.009568,0.012574,33521982.6,0.0,0,0,0,0,0.0,0,3318331.08,1692548.57,451208,113720,364059,103590,80.685,91.092,25155466.67,10605143.59,2595565.34,591481.51
br=0.1_btcRN=100000_ethRN=100000_flow=25%_start=d105_adl=off_emOn,True,0.25,105,False,0.1,15000.0,1384615385.0,100000.0,0.1,15000.0,923076923.0,100000.0,0.01,564928,467649,82.78,5000000.0,2473088111.53,22010484.12,303660.77,29920314.36,2606169.48,-27314144.89,7615084.73,2606169.48,410296.64,5000000.0,34420849889.19,1072894962.23,66.025,0.0089,0.012098,27681829.8,0.0,0,0,0,0,0.0,0,3360300.43,1648614.83,451208,113720,364059,103590,80.685,91.092,21060339.76,8859974.6,2127002.0,479167.48
br=0.1_btcRN=100000_ethRN=100000_flow=25%_start=d105_adl=on_emOff,False,0.25,105,True,0.1,15000.0,1384615385.0,100000.0,0.1,15000.0,923076923.0,100000.0,0.01,564928,467649,82.78,5000000.0,2844017521.64,27210459.2,363045.99,35760610.26,3187105.06,-32573505.19,8197984.84,3187105.06,410296.64,5000000.0,42168518445.58,1072894962.23,61.0972,0.009568,0.012574,33521934.28,0.0,0,0,0,0,0.0,0,3318331.2,1692548.57,451208,113720,364059,103590,80.685,91.092,25155466.67,10605143.59,2595622.21,591482.85
br=0.1_btcRN=100000_ethRN=100000_flow=25%_start=d105_adl=on_emOn,True,0.25,105,True,0.1,15000.0,1384615385.0,100000.0,0.1,15000.0,923076923.0,100000.0,0.01,564928,467649,82.78,5000000.0,2473090719.73,22010441.41,303660.98,29920329.0,2606226.6,-27314102.4,7615141.99,2606226.6,410296.64,5000000.0,34420869072.08,1072894962.23,66.025,0.0089,0.012098,27681796.1,0.0,0,0,0,0,0.0,0,3360299.88,1648615.51,451208,113720,364059,103590,80.685,91.092,21060349.86,8859979.14,2127057.94,479168.66
br=0.1_btcRN=100000_ethRN=100000_flow=25%_start=d112_adl=off_emOff,False,0.25,112,False,0.1,15000.0,1384615385.0,100000.0,0.1,15000.0,923076923.0,100000.0,0.01,535219,441530,82.5,5000000.0,2720186152.59,25401133.8,342511.95,33742077.11,2998431.36,-30743645.75,8008613.72,2998431.36,543400.82,5000000.0,39813821999.57,1072894962.23,62.7613,0.009338,0.012404,31472974.42,0.0,0,0,0,0,0.0,0,3252642.22,1757540.14,428968,106251,344937,96593,80.411,90.91,23702011.39,10040065.72,2421453.57,576977.8
br=0.1_btcRN=100000_ethRN=100000_flow=25%_start=d112_adl=off_emOn,True,0.25,112,False,0.1,15000.0,1384615385.0,100000.0,0.1,15000.0,923076923.0,100000.0,0.01,535219,441530,82.5,5000000.0,2380290883.17,20746134.18,289343.54,28513215.02,2477737.3,-26035477.72,7486160.09,2477737.3,543400.82,5000000.0,32871192651.08,1072894962.23,67.3294,0.008716,0.011979,26244240.37,0.0,0,0,0,0,0.0,0,3281477.76,1726945.03,428968,106251,344937,96593,80.411,90.91,20028646.63,8484568.4,2001275.99,476461.31
br=0.1_btcRN=100000_ethRN=100000_flow=25%_start=d112_adl=on_emOff,False,0.25,112,True,0.1,15000.0,1384615385.0,100000.0,0.1,15000.0,923076923.0,100000.0,0.01,535219,441530,82.5,5000000.0,2720187948.07,25401075.57,342511.96,33742077.11,2998489.58,-30743587.53,8008624.96,2998489.58,543352.6,5000000.0,39813821999.57,1072894962.23,62.7614,0.009338,0.012404,31472926.21,47.0,1,1,1,0,0.0,0.0,3252595.24,1757540.14,428968,106251,344937,96593,80.411,90.91,23702011.39,10040065.72,2421510.44,576979.14
br=0.1_btcRN=100000_ethRN=100000_flow=25%_start=d112_adl=on_emOn,True,0.25,112,True,0.1,15000.0,1384615385.0,100000.0,0.1,15000.0,923076923.0,100000.0,0.01,535219,441530,82.5,5000000.0,2380293408.45,20746090.91,289343.7,28513229.13,2477794.53,-26035434.61,7486170.33,2477794.53,543352.6,5000000.0,32871211342.19,1072894962.23,67.3295,0.008716,0.011979,26244206.27,47.0,1,1,1,0,0.0,0.0,3281383.72,1726992.08,428968,106251,344937,96593,80.411,90.91,20028656.35,8484572.78,2001332.03,476462.5
br=0.1_btcRN=100000_ethRN=100000_flow=25%_start=d119_adl=off_emOff,False,0.25,119,False,0.1,15000.0,1384615385.0,100000.0,0.1,15000.0,923076923.0,100000.0,0.01,509822,419213,82.23,5000000.0,2597957146.24,23675432.77,322625.3,31787814.73,2789756.66,-28998058.07,7799250.96,2789756.66,185944.03,5000000.0,37523767417.88,1072894962.23,64.4617,0.009113,0.012236,29461829.26,0.0,0,0,0,0,0.0,0,3105086.52,1904407.78,409582,100240,328126,91087,80.112,90.869,22259004.95,9528809.78,2243856.11,545900.55
br=0.1_btcRN=100000_ethRN=100000_flow=25%_start=d119_adl=off_emOn,True,0.25,119,False,0.1,15000.0,1384615385.0,100000.0,0.1,15000.0,923076923.0,100000.0,0.01,509822,419213,82.23,5000000.0,2288313206.76,19534620.57,275298.24,27133741.55,2323822.73,-24809918.82,7331744.39,2323822.73,185944.03,5000000.0,31344556056.07,1072894962.23,68.6718,0.008537,0.011858,24807870.27,0.0,0,0,0,0,0.0,0,3138748.18,1869173.48,409582,100240,328126,91087,80.112,90.869,18981618.87,8152122.68,1867358.07,456464.66
br=0.1_btcRN=100000_ethRN=100000_flow=25%_start=d119_adl=on_emOff,False,0.25,119,True,0.1,15000.0,1384615385.0,100000.0,0.1,15000.0,923076923.0,100000.0,0.01,509822,419213,82.23,5000000.0,2597957146.24,23675422.76,322625.31,31787814.73,2789766.66,-28998048.07,7799260.99,2789766.66,185944.03,5000000.0,37523767417.88,1072894962.23,64.4617,0.009113,0.012236,29461829.26,0.0,0,0,0,0,0.0,0,3105086.54,1904407.79,409582,100240,328126,91087,80.112,90.869,22259004.95,9528809.78,2243864.76,545901.9
br=0.1_btcRN=100000_ethRN=100000_flow=25%_start=d119_adl=on_emOn,True,0.25,119,True,0.1,15000.0,1384615385.0,100000.0,0.1,15000.0,923076923.0,100000.0,0.01,509822,419213,82.23,5000000.0,2288313206.76,19534612.77,275298.25,27133741.55,2323830.53,-24809911.02,7331752.21,2323830.53,185944.03,5000000.0,31344556056.07,1072894962.23,68.6718,0.008537,0.011858,24807870.27,0.0,0,0,0,0,0.0,0,3138748.19,1869173.48,409582,100240,328126,91087,80.112,90.869,18981618.87,8152122.68,1867364.94,456465.59
br=0.1_btcRN=100000_ethRN=100000_flow=25%_start=d126_adl=off_emOff,False,0.25,126,False,0.1,15000.0,1384615385.0,100000.0,0.1,15000.0,923076923.0,100000.0,0.01,484998,399184,82.31,5000000.0,2501284254.27,22397450.2,307752.69,30328555.89,2623353.0,-27705202.89,7632287.26,2623353.0,201199.63,5000000.0,35898297311.3,1072894962.23,65.6955,0.008954,0.012125,28051656.55,0.0,0,0,0,0,0.0,0,3059520.65,1949413.6,390999,93999,313252,85932,80.116,91.418,21220111.48,9108444.41,2106544.37,516808.63
br=0.1_btcRN=100000_ethRN=100000_flow=25%_start=d126_adl=off_emOn,True,0.25,126,False,0.1,15000.0,1384615385.0,100000.0,0.1,15000.0,923076923.0,100000.0,0.01,484998,399184,82.31,5000000.0,2212678529.89,18604174.33,264362.02,26061969.96,2193433.61,-23868536.35,7200918.24,2193433.61,201199.63,5000000.0,30237145178.04,1072894962.23,69.6521,0.008408,0.011778,23785175.39,0.0,0,0,0,0,0.0,0,3087781.22,1919703.41,390999,93999,313252,85932,80.116,91.418,18210856.62,7851113.34,1758460.52,434973.08
br=0.1_btcRN=100000_ethRN=100000_flow=25%_start=d126_adl=on_emOff,False,0.25,126,True,0.1,15000.0,1384615385.0,100000.0,0.1,15000.0,923076923.0,100000.0,0.01,484998,399184,82.31,5000000.0,2501284254.27,22397440.19,307752.7,30328555.89,2623363.0,-27705192.89,7632297.28,2623363.0,201199.63,5000000.0,35898297311.3,1072894962.23,65.6955,0.008954,0.012125,28051656.55,0.0,0,0,0,0,0.0,0,3059520.67,1949413.61,390999,93999,313252,85932,80.116,91.418,21220111.48,9108444.41,2106553.02,516809.98
br=0.1_btcRN=100000_ethRN=100000_flow=25%_start=d126_adl=on_emOn,True,0.25,126,True,0.1,15000.0,1384615385.0,100000.0,0.1,15000.0,923076923.0,100000.0,0.01,484998,399184,82.31,5000000.0,2212678529.89,18604166.39,264362.03,26061969.96,2193441.54,-23868528.42,7200926.19,2193441.54,201199.63,5000000.0,30237145178.04,1072894962.23,69.6521,0.008408,0.011778,23785175.39,0.0,0,0,0,0,0.0,0,3087781.24,1919703.42,390999,93999,313252,85932,80.116,91.418,18210856.62,7851113.34,1758467.51,434974.03
br=0.1_btcRN=100000_ethRN=100000_flow=25%_start=d133_adl=off_emOff,False,0.25,133,False,0.1,15000.0,1384615385.0,100000.0,0.1,15000.0,923076923.0,100000.0,0.01,464287,381534,82.18,5000000.0,2402577828.43,21135179.86,293082.24,28887579.66,2459317.57,-26428262.1,7467730.45,2459317.57,155463.54,5000000.0,34267584699.16,1072894962.23,66.9073,0.008797,0.012024,26704866.93,0.0,0,0,0,0,0.0,0,3157629.15,1850783.74,376000,88287,300890,80644,80.024,91.343,20257652.08,8629927.59,1956804.3,502513.26
br=0.1_btcRN=100000_ethRN=100000_flow=25%_start=d133_adl=off_emOn,True,0.25,133,False,0.1,15000.0,1384615385.0,100000.0,0.1,15000.0,923076923.0,100000.0,0.01,464287,381534,82.18,5000000.0,2133834667.83,17661448.87,253317.69,24977875.66,2063109.1,-22914766.56,7070186.98,2063109.1,155463.54,5000000.0,29085185749.13,1072894962.23,70.6212,0.008277,0.011706,22795258.72,0.0,0,0,0,0,0.0,0,3185611.67,1821466.2,376000,88287,300890,80644,80.024,91.343,17496918.93,7480956.74,1635426.74,427682.36
br=0.1_btcRN=100000_ethRN=100000_flow=25%_start=d133_adl=on_emOff,False,0.25,133,True,0.1,15000.0,1384615385.0,100000.0,0.1,15000.0,923076923.0,100000.0,0.01,464287,381534,82.18,5000000.0,2402577828.43,21135169.85,293082.25,28887579.66,2459327.56,-26428252.1,7467740.48,2459327.56,155463.54,5000000.0,34267584699.16,1072894962.23,66.9073,0.008797,0.012024,26704866.93,0.0,0,0,0,0,0.0,0,3157629.17,1850783.74,376000,88287,300890,80644,80.024,91.343,20257652.08,8629927.59,1956812.95,502514.61
br=0.1_btcRN=100000_ethRN=100000_flow=25%_start=d133_adl=on_emOn,True,0.25,133,True,0.1,15000.0,1384615385.0,100000.0,0.1,15000.0,923076923.0,100000.0,0.01,464287,381534,82.18,5000000.0,2133834667.83,17661440.8,253317.7,24977875.66,2063117.16,-22914758.5,7070195.06,2063117.16,155463.54,5000000.0,29085185749.13,1072894962.23,70.6212,0.008277,0.011706,22795258.72,0.0,0,0,0,0,0.0,0,3185611.69,1821466.2,376000,88287,300890,80644,80.024,91.343,17496918.93,7480956.74,1635433.85,427683.32
br=0.1_btcRN=100000_ethRN=100000_flow=25%_start=d140_adl=off_emOff,False,0.25,140,False,0.1,15000.0,1384615385.0,100000.0,0.1,15000.0,923076923.0,100000.0,0.01,444379,364142,81.94,5000000.0,2306422521.08,19791502.21,278267.51,27425287.04,2355517.32,-25069769.72,7363546.59,2355517.32,231150.66,5000000.0,32519855509.26,1072894962.23,68.3404,0.008581,0.011891,25158494.7,0.0,0,0,0,0,0.0,0,3144119.55,1863909.73,361497,82882,288479,75663,79.801,91.29,19295931.15,8129355.89,1882382.48,473134.84
br=0.1_btcRN=100000_ethRN=100000_flow=25%_start=d140_adl=off_emOn,True,0.25,140,False,0.1,15000.0,1384615385.0,100000.0,0.1,15000.0,923076923.0,100000.0,0.01,444379,364142,81.94,5000000.0,2060336861.52,16672077.95,242525.62,23911483.38,1996879.81,-21914603.57,7003701.39,1996879.81,231150.66,5000000.0,27867246362.41,1072894962.23,71.773,0.008092,0.011606,21644777.25,0.0,0,0,0,0,0.0,0,3153673.78,1853147.8,361497,82882,288479,75663,79.801,91.29,16812388.77,7099094.61,1590803.73,406076.08
br=0.1_btcRN=100000_ethRN=100000_flow=25%_start=d140_adl=on_emOff,False,0.25,140,True,0.1,15000.0,1384615385.0,100000.0,0.1,15000.0,923076923.0,100000.0,0.01,444379,364142,81.94,5000000.0,2306422521.08,19791492.2,278267.52,27425287.04,2355527.32,-25069759.72,7363556.62,2355527.32,231150.66,5000000.0,32519855509.26,1072894962.23,68.3404,0.008581,0.011891,25158494.7,0.0,0,0,0,0,0.0,0,3144119.57,1863909.73,361497,82882,288479,75663,79.801,91.29,19295931.15,8129355.89,1882391.13,473136.19
br=0.1_btcRN=100000_ethRN=100000_flow=25%_start=d140_adl=on_emOn,True,0.25,140,True,0.1,15000.0,1384615385.0,100000.0,0.1,15000.0,923076923.0,100000.0,0.01,444379,364142,81.94,5000000.0,2060336861.52,16672069.71,242525.63,23911483.38,1996888.04,-21914595.35,7003709.64,1996888.04,231150.66,5000000.0,27867246362.41,1072894962.23,71.773,0.008092,0.011606,21644777.25,0.0,0,0,0,0,0.0,0,3153673.8,1853147.8,361497,82882,288479,75663,79.801,91.29,16812388.77,7099094.61,1590810.98,406077.06
br=0.1_btcRN=100000_ethRN=100000_flow=25%_start=d147_adl=off_emOff,False,0.25,147,False,0.1,15000.0,1384615385.0,100000.0,0.1,15000.0,923076923.0,100000.0,0.01,430664,352671,81.89,5000000.0,2238736150.56,18866420.22,268220.76,26431536.46,2296895.49,-24134640.97,7304706.27,2296895.49,123196.77,5000000.0,31252811293.96,1072894962.23,69.3075,0.008427,0.011806,24142165.75,0.0,0,0,0,0,0.0,0,3088033.22,1919777.57,350865,79799,279832,72839,79.755,91.278,18684858.38,7746678.08,1829878.06,467017.42
br=0.1_btcRN=100000_ethRN=100000_flow=25%_start=d147_adl=off_emOn,True,0.25,147,False,0.1,15000.0,1384615385.0,100000.0,0.1,15000.0,923076923.0,100000.0,0.01,430664,352671,81.89,5000000.0,2007338761.44,15971931.3,235024.15,23168332.95,1961377.51,-21206955.45,6968059.15,1961377.51,123196.77,5000000.0,26932886700.12,1072894962.23,72.5554,0.007957,0.011542,20879043.09,0.0,0,0,0,0,0.0,0,3113371.22,1893310.42,350865,79799,279832,72839,79.755,91.278,16377248.83,6791084.12,1556548.03,404829.48
br=0.1_btcRN=100000_ethRN=100000_flow=25%_start=d147_adl=on_emOff,False,0.25,147,True,0.1,15000.0,1384615385.0,100000.0,0.1,15000.0,923076923.0,100000.0,0.01,430664,352671,81.89,5000000.0,2238736150.56,18866410.21,268220.77,26431536.46,2296905.48,-24134630.97,7304716.29,2296905.48,123196.77,5000000.0,31252811293.96,1072894962.23,69.3075,0.008427,0.011806,24142165.75,0.0,0,0,0,0,0.0,0,3088033.24,1919777.57,350865,79799,279832,72839,79.755,91.278,18684858.38,7746678.08,1829886.71,467018.77
br=0.1_btcRN=100000_ethRN=100000_flow=25%_start=d147_adl=on_emOn,True,0.25,147,True,0.1,15000.0,1384615385.0,100000.0,0.1,15000.0,923076923.0,100000.0,0.01,430664,352671,81.89,5000000.0,2007338761.44,15971922.95,235024.16,23168332.95,1961385.84,-21206947.11,6968067.5,1961385.84,123196.77,5000000.0,26932886700.12,1072894962.23,72.5554,0.007957,0.011542,20879043.09,0.0,0,0,0,0,0.0,0,3113371.24,1893310.42,350865,79799,279832,72839,79.755,91.278,16377248.83,6791084.12,1556555.38,404830.46
br=0.1_btcRN=100000_ethRN=100000_flow=25%_start=d14_adl=off_emOff,False,0.25,14,False,0.1,15000.0,1384615385.0,100000.0,0.1,15000.0,923076923.0,100000.0,0.01,862361,715261,82.94,5000000.0,4362665636.56,53651573.77,666063.2,65545133.1,6227496.13,-59317636.97,11248716.99,6227496.13,501684.31,5000000.0,81361362327.2,1632224153.62,42.812,0.012298,0.015024,63399707.06,2.88,1,1,1,0,0.0,0.0,1396125.99,3625094.88,638017,224344,510246,205015,79.974,91.384,40640908.89,24904224.22,4263610.15,1963885.98
br=0.1_btcRN=100000_ethRN=100000_flow=25%_start=d14_adl=off_emOn,True,0.25,14,False,0.1,15000.0,1384615385.0,100000.0,0.1,15000.0,923076923.0,100000.0,0.01,862361,715261,82.94,5000000.0,3558004964.46,38498294.04,492656.04,48496573.04,4505622.97,-43990950.08,9521000.71,4505622.97,501684.31,5000000.0,58471645760.96,1632224153.62,52.0365,0.01082,0.01363,46351609.28,2.88,1,1,1,0,0.0,0.0,1447077.39,3568300.34,638017,224344,510246,205015,79.974,91.384,29162989.95,19333583.09,2987327.66,1518295.31
br=0.1_btcRN=100000_ethRN=100000_flow=25%_start=d14_adl=on_emOff,False,0.25,14,True,0.1,15000.0,1384615385.0,100000.0,0.1,15000.0,923076923.0,100000.0,0.01,862361,715261,82.94,5000000.0,4362665636.56,53593954.51,666128.09,65545133.1,6285050.5,-59260082.6,11306401.15,6285050.5,501684.31,5000000.0,81361362327.2,1632224153.62,42.812,0.012285,0.015024,63399707.06,2.88,1,1,1,0,0.0,0.0,1391534.03,3629816.61,638017,224344,510246,205015,79.974,91.384,40640908.89,24904224.22,4304458.86,1980591.65
br=0.1_btcRN=100000_ethRN=100000_flow=25%_start=d14_adl=on_emOn,True,0.25,14,True,0.1,15000.0,1384615385.0,100000.0,0.1,15000.0,923076923.0,100000.0,0.01,862361,715261,82.94,5000000.0,3558004964.46,38452848.32,492707.22,48496573.04,4551017.5,-43945555.54,9566497.6,4551017.5,501684.31,5000000.0,58471645760.96,1632224153.62,52.0365,0.010807,0.01363,46351609.28,2.88,1,1,1,0,0.0,0.0,1443460.68,3572019.42,638017,224344,510246,205015,79.974,91.384,29162989.95,19333583.09,3019537.58,1531479.92
br=0.1_btcRN=100000_ethRN=100000_flow=25%_start=d154_adl=off_emOff,False,0.25,154,False,0.1,15000.0,1384615385.0,100000.0,0.1,15000.0,923076923.0,100000.0,0.01,419453,343691,81.94,5000000.0,2185642636.2,18169699.45,260469.02,25670487.27,2240318.79,-23430168.47,7227308.97,2240318.79,128679.38,5000000.0,30354639954.87,1072894962.23,70.043,0.008313,0.011745,23383402.75,17219.17,48,51,51,0,-0.0,0.0,3076847.43,1910142.74,341951,77502,272841,70850,79.79,91.417,18176874.25,7493613.02,1796316.33,444002.46
br=0.1_btcRN=100000_ethRN=100000_flow=25%_start=d154_adl=off_emOn,True,0.25,154,False,0.1,15000.0,1384615385.0,100000.0,0.1,15000.0,923076923.0,100000.0,0.01,419453,343691,81.94,5000000.0,1965073955.04,15438180.89,229118.74,22589037.88,1921738.25,-20667299.63,6907656.85,1921738.25,128679.38,5000000.0,26277081985.92,1072894962.23,73.1534,0.007856,0.011495,20302030.32,17219.17,48,51,51,0,-0.0,0.0,3095812.34,1890106.26,341951,77502,272841,70850,79.79,91.417,15997031.92,6592005.95,1536393.85,385344.4
br=0.1_btcRN=100000_ethRN=100000_flow=25%_start=d154_adl=on_emOff,False,0.25,154,True,0.1,15000.0,1384615385.0,100000.0,0.1,15000.0,923076923.0,100000.0,0.01,419453,343691,81.94,5000000.0,2185642636.2,18169689.44,260469.04,25670487.27,2240328.79,-23430158.48,7227318.99,2240328.79,128679.38,5000000.0,30354639954.87,1072894962.23,70.043,0.008313,0.011745,23383402.75,17219.17,48,51,51,0,-0.0,0.0,3076847.45,1910142.75,341951,77502,272841,70850,79.79,91.417,18176874.25,7493613.02,1796324.98,444003.81
br=0.1_btcRN=100000_ethRN=100000_flow=25%_start=d154_adl=on_emOn,True,0.25,154,True,0.1,15000.0,1384615385.0,100000.0,0.1,15000.0,923076923.0,100000.0,0.01,419453,343691,81.94,5000000.0,1965073955.04,15438172.46,229118.75,22589037.88,1921746.67,-20667291.21,6907665.29,1921746.67,128679.38,5000000.0,26277081985.92,1072894962.23,73.1534,0.007856,0.011495,20302030.32,17219.17,48,51,51,0,-0.0,0.0,3095812.36,1890106.26,341951,77502,272841,70850,79.79,91.417,15997031.92,6592005.95,1536401.27,385345.39
br=0.1_btcRN=100000_ethRN=100000_flow=25%_start=d161_adl=off_emOff,False,0.25,161,False,0.1,15000.0,1384615385.0,100000.0,0.1,15000.0,923076923.0,100000.0,0.01,402456,329400,81.85,5000000.0,2094084984.68,17083913.84,247600.16,24406410.82,2074896.82,-22331514.0,7081968.93,2074896.82,141529.38,5000000.0,28617361337.15,1072894962.23,71.2164,0.008158,0.011655,22197239.75,0.0,0,0,0,0,0.0,0,3070199.65,1936872.46,328612,73844,261855,67545,79.685,91.47,17294579.91,7111830.91,1654822.93,420073.9
br=0.1_btcRN=100000_ethRN=100000_flow=25%_start=d161_adl=off_emOn,True,0.25,161,False,0.1,15000.0,1384615385.0,100000.0,0.1,15000.0,923076923.0,100000.0,0.01,402456,329400,81.85,5000000.0,1890209036.86,14598947.83,219044.49,21600070.38,1782078.07,-19817992.31,6788165.63,1782078.07,141529.38,5000000.0,24907179970.93,1072894962.23,74.1128,0.007723,0.011427,19390970.68,0.0,0,0,0,0,0.0,0,3094763.94,1911323.62,328612,73844,261855,67545,79.685,91.47,15307818.89,6292251.5,1415353.02,366725.05
br=0.1_btcRN=100000_ethRN=100000_flow=25%_start=d161_adl=on_emOff,False,0.25,161,True,0.1,15000.0,1384615385.0,100000.0,0.1,15000.0,923076923.0,100000.0,0.01,402456,329400,81.85,5000000.0,2094084984.68,17083903.83,247600.17,24406410.82,2074906.82,-22331504.01,7081978.95,2074906.82,141529.38,5000000.0,28617361337.15,1072894962.23,71.2164,0.008158,0.011655,22197239.75,0.0,0,0,0,0,0.0,0,3070199.67,1936872.46,328612,73844,261855,67545,79.685,91.47,17294579.91,7111830.91,1654831.58,420075.24
br=0.1_btcRN=100000_ethRN=100000_flow=25%_start=d161_adl=on_emOn,True,0.25,161,True,0.1,15000.0,1384615385.0,100000.0,0.1,15000.0,923076923.0,100000.0,0.01,402456,329400,81.85,5000000.0,1890209036.86,14598939.26,219044.5,21600070.38,1782086.62,-19817983.76,6788174.21,1782086.62,141529.38,5000000.0,24907179970.93,1072894962.23,74.1128,0.007723,0.011427,19390970.68,0.0,0,0,0,0,0.0,0,3094763.96,1911323.62,328612,73844,261855,67545,79.685,91.47,15307818.89,6292251.5,1415360.57,366726.05
br=0.1_btcRN=100000_ethRN=100000_flow=25%_start=d168_adl=off_emOff,False,0.25,168,False,0.1,15000.0,1384615385.0,100000.0,0.1,15000.0,923076923.0,100000.0,0.01,386978,316167,81.7,5000000.0,2009274132.99,16002697.7,235659.06,23227420.13,1989063.38,-21238356.76,6995833.09,1989063.38,139074.13,5000000.0,27306451828.58,1072894962.23,72.4067,0.007964,0.01156,21023583.37,0.0,0,0,0,0,0.0,0,3164695.01,1842074.7,316347,70631,251558,64609,79.52,91.474,16477721.71,6749698.42,1589823.35,399240.03
br=0.1_btcRN=100000_ethRN=100000_flow=25%_start=d168_adl=off_emOn,True,0.25,168,False,0.1,15000.0,1384615385.0,100000.0,0.1,15000.0,923076923.0,100000.0,0.01,386978,316167,81.7,5000000.0,1821760798.92,13753542.07,209777.45,20684331.28,1721011.76,-18963319.52,6726880.04,1721011.76,139074.13,5000000.0,23944547155.28,1072894962.23,75.0905,0.00755,0.011354,18480560.76,0.0,0,0,0,0,0.0,0,3192816.6,1813051.68,316347,70631,251558,64609,79.52,91.474,14676663.94,6007667.34,1370157.89,350853.87
br=0.1_btcRN=100000_ethRN=100000_flow=25%_start=d168_adl=on_emOff,False,0.25,168,True,0.1,15000.0,1384615385.0,100000.0,0.1,15000.0,923076923.0,100000.0,0.01,386978,316167,81.7,5000000.0,2009274132.99,16002687.69,235659.07,23227420.13,1989073.37,-21238346.76,6995843.11,1989073.37,139074.13,5000000.0,27306451828.58,1072894962.23,72.4067,0.007964,0.01156,21023583.37,0.0,0,0,0,0,0.0,0,3164695.03,1842074.71,316347,70631,251558,64609,79.52,91.474,16477721.71,6749698.42,1589832.0,399241.38
br=0.1_btcRN=100000_ethRN=100000_flow=25%_start=d168_adl=on_emOn,True,0.25,168,True,0.1,15000.0,1384615385.0,100000.0,0.1,15000.0,923076923.0,100000.0,0.01,386978,316167,81.7,5000000.0,1821760798.92,13753533.37,209777.46,20684331.28,1721020.45,-18963310.83,6726888.75,1721020.45,139074.13,5000000.0,23944547155.28,1072894962.23,75.0905,0.00755,0.011354,18480560.76,0.0,0,0,0,0,0.0,0,3192816.62,1813051.68,316347,70631,251558,64609,79.52,91.474,14676663.94,6007667.34,1370165.56,350854.89
br=0.1_btcRN=100000_ethRN=100000_flow=25%_start=d175_adl=off_emOff,False,0.25,175,False,0.1,15000.0,1384615385.0,100000.0,0.1,15000.0,923076923.0,100000.0,0.01,369220,302215,81.85,5000000.0,1910023681.97,14740000.36,221670.76,21848162.31,1886491.19,-19961671.11,6892869.46,1886491.19,203053.93,5000000.0,25583216204.49,1072894962.23,73.9089,0.007717,0.011439,19583131.36,0.0,0,0,0,0,0.0,0,3313386.69,1692991.58,302273,66947,240973,61242,79.72,91.478,15583999.13,6264163.17,1520051.9,366439.29
br=0.1_btcRN=100000_ethRN=100000_flow=25%_start=d175_adl=off_emOn,True,0.25,175,False,0.1,15000.0,1384615385.0,100000.0,0.1,15000.0,923076923.0,100000.0,0.01,369220,302215,81.85,5000000.0,1742205695.83,12768254.99,198924.43,19613840.51,1646661.08,-17967179.42,6652233.13,1646661.08,203053.93,5000000.0,22623412462.9,1072894962.23,76.333,0.007329,0.011258,17348869.66,0.0,0,0,0,0,0.0,0,3339245.07,1666326.97,302273,66947,240973,61242,79.72,91.478,14001871.03,5611969.48,1322781.18,323879.9
br=0.1_btcRN=100000_ethRN=100000_flow=25%_start=d175_adl=on_emOff,False,0.25,175,True,0.1,15000.0,1384615385.0,100000.0,0.1,15000.0,923076923.0,100000.0,0.01,369220,302215,81.85,5000000.0,1910023681.97,14739990.35,221670.77,21848162.31,1886501.19,-19961661.12,6892879.48,1886501.19,203053.93,5000000.0,25583216204.49,1072894962.23,73.9089,0.007717,0.011439,19583131.36,0.0,0,0,0,0,0.0,0,3313386.71,1692991.59,302273,66947,240973,61242,79.72,91.478,15583999.13,6264163.17,1520060.55,366440.64
br=0.1_btcRN=100000_ethRN=100000_flow=25%_start=d175_adl=on_emOn,True,0.25,175,True,0.1,15000.0,1384615385.0,100000.0,0.1,15000.0,923076923.0,100000.0,0.01,369220,302215,81.85,5000000.0,1742205695.83,12768246.11,198924.44,19613840.51,1646669.95,-17967170.55,6652242.02,1646669.95,203053.93,5000000.0,22623412462.9,1072894962.23,76.333,0.007329,0.011258,17348869.66,0.0,0,0,0,0,0.0,0,3339245.09,1666326.97,302273,66947,240973,61242,79.72,91.478,14001871.03,5611969.48,1322789.02,323880.94
br=0.1_btcRN=100000_ethRN=100000_flow=25%_start=d182_adl=off_emOff,False,0.25,182,False,0.1,15000.0,1384615385.0,100000.0,0.1,15000.0,923076923.0,100000.0,0.01,353460,288864,81.72,5000000.0,1800813660.59,13470289.68,206960.83,20404543.81,1727293.31,-18677250.51,6733124.09,1727293.31,297011.65,5000000.0,23572972125.23,1072894962.23,75.3994,0.00748,0.011331,18196555.3,0.0,0,0,0,0,0.0,0,3560563.12,1445267.66,290013,63447,230795,58069,79.581,91.524,14729284.35,5675259.47,1378513.02,348780.29
br=0.1_btcRN=100000_ethRN=100000_flow=25%_start=d182_adl=off_emOn,True,0.25,182,False,0.1,15000.0,1384615385.0,100000.0,0.1,15000.0,923076923.0,100000.0,0.01,353460,288864,81.72,5000000.0,1651360417.95,11750020.89,187059.99,18450364.13,1513283.25,-16937080.88,6518395.94,1513283.25,297011.65,5000000.0,20980721053.95,1072894962.23,77.5778,0.007115,0.011173,16242429.81,0.0,0,0,0,0,0.0,0,3580260.08,1424852.61,290013,63447,230795,58069,79.581,91.524,13346577.75,5103786.38,1202030.76,311252.49
br=0.1_btcRN=100000_ethRN=100000_flow=25%_start=d182_adl=on_emOff,False,0.25,182,True,0.1,15000.0,1384615385.0,100000.0,0.1,15000.0,923076923.0,100000.0,0.01,353460,288864,81.72,5000000.0,1800813660.59,13470279.67,206960.84,20404543.81,1727303.31,-18677240.51,6733134.11,1727303.31,297011.65,5000000.0,23572972125.23,1072894962.23,75.3994,0.00748,0.011331,18196555.3,0.0,0,0,0,0,0.0,0,3560563.14,1445267.66,290013,63447,230795,58069,79.581,91.524,14729284.35,5675259.47,1378521.67,348781.64
br=0.1_btcRN=100000_ethRN=100000_flow=25%_start=d182_adl=on_emOn,True,0.25,182,True,0.1,15000.0,1384615385.0,100000.0,0.1,15000.0,923076923.0,100000.0,0.01,353460,288864,81.72,5000000.0,1651360417.95,11750011.83,187060.0,18450364.13,1513292.3,-16937071.83,6518405.01,1513292.3,297011.65,5000000.0,20980721053.95,1072894962.23,77.5778,0.007115,0.011173,16242429.81,0.0,0,0,0,0,0.0,0,3580260.1,1424852.61,290013,63447,230795,58069,79.581,91.524,13346577.75,5103786.38,1202038.76,311253.54
br=0.1_btcRN=100000_ethRN=100000_flow=25%_start=d189_adl=off_emOff,False,0.25,189,False,0.1,15000.0,1384615385.0,100000.0,0.1,15000.0,923076923.0,100000.0,0.01,318047,255596,80.36,5000000.0,1614166016.56,11243843.8,182518.17,17985332.2,1558970.23,-16426361.97,6564299.94,1558970.23,470393.22,5000000.0,20936981729.49,993054023.1,78.0581,0.006966,0.011142,15822627.79,0.0,0,0,0,0,0.0,0,3679376.9,1325952.8,262830,55217,205434,50162,78.162,90.845,13052937.04,4932395.16,1275841.69,283128.54
br=0.1_btcRN=100000_ethRN=100000_flow=25%_start=d189_adl=off_emOn,True,0.25,189,False,0.1,15000.0,1384615385.0,100000.0,0.1,15000.0,923076923.0,100000.0,0.01,318047,255596,80.36,5000000.0,1494967890.8,9920477.37,167131.36,16475222.96,1387614.23,-15087608.72,6392372.49,1387614.23,470393.22,5000000.0,18933343659.93,993054023.1,79.8232,0.006636,0.01102,14312562.59,0.0,0,0,0,0,0.0,0,3690464.59,1314293.66,262830,55217,205434,50162,78.162,90.845,11984371.85,4490851.1,1133962.96,253651.27
br=0.1_btcRN=100000_ethRN=100000_flow=25%_start=d189_adl=on_emOff,False,0.25,189,True,0.1,15000.0,1384615385.0,100000.0,0.1,15000.0,923076923.0,100000.0,0.01,318047,255596,80.36,5000000.0,1614166016.56,11243833.79,182518.19,17985332.2,1558980.23,-16426351.97,6564309.96,1558980.23,470393.22,5000000.0,20936981729.49,993054023.1,78.0581,0.006966,0.011142,15822627.79,0.0,0,0,0,0,0.0,0,3679376.92,1325952.8,262830,55217,205434,50162,78.162,90.845,13052937.04,4932395.16,1275850.34,283129.89
br=0.1_btcRN=100000_ethRN=100000_flow=25%_start=d189_adl=on_emOn,True,0.25,189,True,0.1,15000.0,1384615385.0,100000.0,0.1,15000.0,923076923.0,100000.0,0.01,318047,255596,80.36,5000000.0,1494967890.8,9920467.98,167131.37,16475222.96,1387623.61,-15087599.34,6392381.89,1387623.61,470393.22,5000000.0,18933343659.93,993054023.1,79.8232,0.006636,0.01102,14312562.59,0.0,0,0,0,0,0.0,0,3690464.61,1314293.66,262830,55217,205434,50162,78.162,90.845,11984371.85,4490851.1,1133971.25,253652.36
br=0.1_btcRN=100000_ethRN=100000_flow=25%_start=d196_adl=off_emOff,False,0.25,196,False,0.1,15000.0,1384615385.0,100000.0,0.1,15000.0,923076923.0,100000.0,0.01,289626,229211,79.14,5000000.0,1478030425.05,9636649.33,165090.94,16259852.98,1458112.71,-14801740.27,6463097.53,1458112.71,132964.47,5000000.0,19033460363.65,785674385.51,80.0969,0.00652,0.011001,14082879.77,0.0,0,0,0,0,0.0,0,3633463.12,1371521.7,239805,49821,184137,45074,76.786,90.472,11719097.25,4540755.73,1189578.85,268533.85
br=0.1_btcRN=100000_ethRN=100000_flow=25%_start=d196_adl=off_emOn,True,0.25,196,False,0.1,15000.0,1384615385.0,100000.0,0.1,15000.0,923076923.0,100000.0,0.01,289626,229211,79.14,5000000.0,1380060786.75,8578269.13,152734.93,15047734.31,1316730.26,-13731004.06,6321245.42,1316730.26,132964.47,5000000.0,17417658548.4,785674385.51,81.5649,0.006216,0.010904,12870798.1,0.0,0,0,0,0,0.0,0,3659539.16,1344976.01,239805,49821,184137,45074,76.786,90.472,10861154.14,4186580.18,1071948.01,244782.24
br=0.1_btcRN=100000_ethRN=100000_flow=25%_start=d196_adl=on_emOff,False,0.25,196,True,0.1,15000.0,1384615385.0,100000.0,0.1,15000.0,923076923.0,100000.0,0.01,289626,229211,79.14,5000000.0,1478030425.05,9636639.32,165090.95,16259852.98,1458122.71,-14801730.28,6463107.55,1458122.71,132964.47,5000000.0,19033460363.65,785674385.51,80.0969,0.00652,0.011001,14082879.77,0.0,0,0,0,0,0.0,0,3633463.14,1371521.7,239805,49821,184137,45074,76.786,90.472,11719097.25,4540755.73,1189587.5,268535.2
br=0.1_btcRN=100000_ethRN=100000_flow=25%_start=d196_adl=on_emOn,True,0.25,196,True,0.1,15000.0,1384615385.0,100000.0,0.1,15000.0,923076923.0,100000.0,0.01,289626,229211,79.14,5000000.0,1380060786.75,8578259.48,152734.94,15047734.31,1316739.89,-13730994.42,6321255.08,1316739.89,132964.47,5000000.0,17417658548.4,785674385.51,81.5649,0.006216,0.010904,12870798.1,0.0,0,0,0,0,0.0,0,3659539.18,1344976.01,239805,49821,184137,45074,76.786,90.472,10861154.14,4186580.18,1071956.54,244783.35
br=0.1_btcRN=100000_ethRN=100000_flow=25%_start=d203_adl=off_emOff,False,0.25,203,False,0.1,15000.0,1384615385.0,100000.0,0.1,15000.0,923076923.0,100000.0,0.01,271708,213724,78.66,5000000.0,1398745959.47,8700321.13,155103.48,15270317.44,1414892.83,-13855424.61,6419693.44,1414892.83,166773.1,5000000.0,17825555142.1,785674385.51,81.3291,0.00622,0.010917,13063276.62,0.0,0,0,0,0,0.0,0,3550027.83,1454772.78,225417,46291,171837,41887,76.231,90.486,11000152.59,4270164.84,1156333.66,258559.16
br=0.1_btcRN=100000_ethRN=100000_flow=25%_start=d203_adl=off_emOn,True,0.25,203,False,0.1,15000.0,1384615385.0,100000.0,0.1,15000.0,923076923.0,100000.0,0.01,271708,213724,78.66,5000000.0,1312640811.26,7785595.86,144392.57,14219917.05,1289928.62,-12929988.43,6294315.41,1289928.62,166773.1,5000000.0,16419515300.99,785674385.51,82.6285,0.005931,0.010833,12012909.2,0.0,0,0,0,0,0.0,0,3558781.09,1445605.7,225417,46291,171837,41887,76.231,90.486,10255841.66,3964075.39,1052001.35,237927.27
br=0.1_btcRN=100000_ethRN=100000_flow=25%_start=d203_adl=on_emOff,False,0.25,203,True,0.1,15000.0,1384615385.0,100000.0,0.1,15000.0,923076923.0,100000.0,0.01,271708,213724,78.66,5000000.0,1398746109.93,8700311.12,155103.49,15270317.44,1414902.82,-13855414.61,6419703.46,1414902.82,166773.1,5000000.0,17825555142.1,785674385.51,81.3291,0.00622,0.010917,13063268.56,0.0,0,0,0,0,0.0,0,3550027.85,1454772.78,225417,46291,171837,41887,76.231,90.486,11000152.59,4270164.84,1156342.31,258560.51
br=0.1_btcRN=100000_ethRN=100000_flow=25%_start=d203_adl=on_emOn,True,0.25,203,True,0.1,15000.0,1384615385.0,100000.0,0.1,15000.0,923076923.0,100000.0,0.01,271708,213724,78.66,5000000.0,1312641053.76,7785587.23,144392.59,14219918.29,1289938.46,-12929979.83,6294325.28,1289938.46,166773.1,5000000.0,16419516916.96,785674385.51,82.6285,0.005931,0.010833,12012902.38,0.0,0,0,0,0,0.0,0,3558773.27,1445613.55,225417,46291,171837,41887,76.231,90.486,10255842.53,3964075.76,1052010.05,237928.42
br=0.1_btcRN=100000_ethRN=100000_flow=25%_start=d210_adl=off_emOff,False,0.25,210,False,0.1,15000.0,1384615385.0,100000.0,0.1,15000.0,923076923.0,100000.0,0.01,250305,195411,78.07,5000000.0,1297986723.51,7577594.06,142647.22,14044310.08,1324068.8,-12720241.28,6324256.58,1324068.8,123740.05,5000000.0,16246528405.89,785674385.51,82.8397,0.005838,0.01082,11844485.21,4219.84,2,2,2,0,0.0,0.0,3463353.57,1536834.21,207771,42534,156979,38432,75.554,90.356,10061933.44,3982376.64,1080763.71,243305.1
br=0.1_btcRN=100000_ethRN=100000_flow=25%_start=d210_adl=off_emOn,True,0.25,210,False,0.1,15000.0,1384615385.0,100000.0,0.1,15000.0,923076923.0,100000.0,0.01,250305,195411,78.07,5000000.0,1225435981.73,6822582.89,133771.66,13174264.45,1217909.91,-11956354.54,6217747.48,1217909.91,123740.05,5000000.0,15072256733.11,785674385.51,83.9439,0.005567,0.010751,10974467.73,4219.84,2,2,2,0,0.0,0.0,3484547.88,1515289.69,207771,42534,156979,38432,75.554,90.356,9443901.91,3730362.54,991667.52,226242.39
br=0.1_btcRN=100000_ethRN=100000_flow=25%_start=d210_adl=on_emOff,False,0.25,210,True,0.1,15000.0,1384615385.0,100000.0,0.1,15000.0,923076923.0,100000.0,0.01,250305,195411,78.07,5000000.0,1297986861.8,7577584.05,142647.23,14044310.08,1324078.8,-12720231.28,6324266.6,1324078.8,123740.05,5000000.0,16246528405.89,785674385.51,82.8397,0.005838,0.01082,11844477.15,4219.84,2,2,2,0,0.0,0.0,3463353.59,1536834.22,207771,42534,156979,38432,75.554,90.356,10061933.44,3982376.64,1080772.36,243306.44
br=0.1_btcRN=100000_ethRN=100000_flow=25%_start=d210_adl=on_emOn,True,0.25,210,True,0.1,15000.0,1384615385.0,100000.0,0.1,15000.0,923076923.0,100000.0,0.01,250305,195411,78.07,5000000.0,1225436206.82,6822574.13,133771.68,13174265.59,1217919.78,-11956345.81,6217757.37,1217919.78,123740.05,5000000.0,15072258195.52,785674385.51,83.9439,0.005567,0.010751,10974460.82,4219.84,2,2,2,0,0.0,0.0,3484547.79,1515289.81,207771,42534,156979,38432,75.554,90.356,9443902.71,3730362.88,991676.22,226243.55
br=0.1_btcRN=100000_ethRN=100000_flow=25%_start=d217_adl=off_emOff,False,0.25,217,False,0.1,15000.0,1384615385.0,100000.0,0.1,15000.0,923076923.0,100000.0,0.01,224898,172311,76.62,5000000.0,1170348338.13,6198144.92,127229.85,12520766.26,1195391.48,-11325374.77,6199435.87,1195391.48,299916.7,5000000.0,14454689763.11,785674385.51,84.7919,0.005296,0.010698,10317925.83,0.0,0,0,0,0,0.0,0,3448857.86,1555186.52,187091,37807,138367,33944,73.957,89.782,8923059.0,3597707.25,978220.85,217170.64
br=0.1_btcRN=100000_ethRN=100000_flow=25%_start=d217_adl=off_emOn,True,0.25,217,False,0.1,15000.0,1384615385.0,100000.0,0.1,15000.0,923076923.0,100000.0,0.01,224898,172311,76.62,5000000.0,1113581201.83,5622714.73,120431.3,11854677.66,1111531.63,-10743146.03,6115300.68,1111531.63,299916.7,5000000.0,13543909075.57,785674385.51,85.6653,0.005049,0.010646,9651859.62,0.0,0,0,0,0,0.0,0,3460015.23,1543753.82,187091,37807,138367,33944,73.957,89.782,8447251.51,3407426.15,907156.19,204375.44
br=0.1_btcRN=100000_ethRN=100000_flow=25%_start=d217_adl=on_emOff,False,0.25,217,True,0.1,15000.0,1384615385.0,100000.0,0.1,15000.0,923076923.0,100000.0,0.01,224898,172311,76.62,5000000.0,1170348338.13,6198142.95,127229.86,12520766.26,1195393.44,-11325372.81,6199437.83,1195393.44,299916.7,5000000.0,14454689763.11,785674385.51,84.7919,0.005296,0.010698,10317925.83,0.0,0,0,0,0,0.0,0,3448857.86,1555186.53,187091,37807,138367,33944,73.957,89.782,8923059.0,3597707.25,978221.46,217171.99
br=0.1_btcRN=100000_ethRN=100000_flow=25%_start=d217_adl=on_emOn,True,0.25,217,True,0.1,15000.0,1384615385.0,100000.0,0.1,15000.0,923076923.0,100000.0,0.01,224898,172311,76.62,5000000.0,1113581201.83,5622712.98,120431.31,11854677.66,1111533.37,-10743144.29,6115302.43,1111533.37,299916.7,5000000.0,13543909075.57,785674385.51,85.6653,0.005049,0.010646,9651859.62,0.0,0,0,0,0,0.0,0,3460014.65,1543754.4,187091,37807,138367,33944,73.957,89.782,8447251.51,3407426.15,907156.77,204376.61
br=0.1_btcRN=100000_ethRN=100000_flow=25%_start=d21_adl=off_emOff,False,0.25,21,False,0.1,15000.0,1384615385.0,100000.0,0.1,15000.0,923076923.0,100000.0,0.01,840659,696082,82.8,5000000.0,4235055181.63,50609939.68,633061.96,62280751.36,6037749.72,-56243001.64,11058258.62,6037749.72,512584.46,5000000.0,76946022105.18,1632224153.62,44.508,0.01195,0.014706,59871355.64,0.0,0,0,0,0,0.0,0,1530570.03,3489938.87,629202,211457,503140,192942,79.965,91.244,39584625.44,22696125.92,4200812.51,1836937.2
br=0.1_btcRN=100000_ethRN=100000_flow=25%_start=d21_adl=off_emOn,True,0.25,21,False,0.1,15000.0,1384615385.0,100000.0,0.1,15000.0,923076923.0,100000.0,0.01,840659,696082,82.8,5000000.0,3477402387.18,36783313.21,474893.32,46729245.04,4471038.51,-42258206.53,9486240.25,4471038.51,512584.46,5000000.0,56180453307.33,1632224153.62,53.3311,0.010578,0.013438,44320264.37,0.0,0,0,0,0,0.0,0,1591659.88,3423541.86,629202,211457,503140,192942,79.965,91.244,29008861.54,17720383.5,3021882.68,1449155.83
br=0.1_btcRN=100000_ethRN=100000_flow=25%_start=d21_adl=on_emOff,False,0.25,21,True,0.1,15000.0,1384615385.0,100000.0,0.1,15000.0,923076923.0,100000.0,0.01,840659,696082,82.8,5000000.0,4235055181.63,50552320.42,633126.85,62280751.36,6095304.09,-56185447.27,11115942.77,6095304.09,512584.46,5000000.0,76946022105.18,1632224153.62,44.508,0.011937,0.014706,59871355.64,0.0,0,0,0,0,0.0,0,1525978.07,3494660.61,629202,211457,503140,192942,79.965,91.244,39584625.44,22696125.92,4241661.22,1853642.87
br=0.1_btcRN=100000_ethRN=100000_flow=25%_start=d21_adl=on_emOn,True,0.25,21,True,0.1,15000.0,1384615385.0,100000.0,0.1,15000.0,923076923.0,100000.0,0.01,840659,696082,82.8,5000000.0,3477402387.18,36735793.39,474946.83,46729245.04,4518504.82,-42210740.22,9533813.59,4518504.82,512584.46,5000000.0,56180453307.33,1632224153.62,53.3311,0.010564,0.013438,44320264.37,0.0,0,0,0,0,0.0,0,1587878.43,3427430.34,629202,211457,503140,192942,79.965,91.244,29008861.54,17720383.5,3055562.12,1462942.7
br=0.1_btcRN=100000_ethRN=100000_flow=25%_start=d224_adl=off_emOff,False,0.25,224,False,0.1,15000.0,1384615385.0,100000.0,0.1,15000.0,923076923.0,100000.0,0.01,204522,154525,75.55,5000000.0,1044573432.73,4839660.76,112352.58,11050734.42,1098721.09,-9952013.33,6102411.55,1098721.09,274503.19,5000000.0,12726301596.67,761708934.72,86.7673,0.004633,0.010579,8825895.03,0.0,0,0,0,0,0.0,0,3417119.56,1586570.9,170209,34313,123835,30690,72.755,89.441,7834885.25,3215849.17,898646.35,200074.73
br=0.1_btcRN=100000_ethRN=100000_flow=25%_start=d224_adl=off_emOn,True,0.25,224,False,0.1,15000.0,1384615385.0,100000.0,0.1,15000.0,923076923.0,100000.0,0.01,204522,154525,75.55,5000000.0,1001687350.49,4416155.28,107324.24,10558341.09,1034861.57,-9523479.51,6038343.22,1034861.57,274503.19,5000000.0,12045668467.06,761708934.72,87.4344,0.004409,0.010541,8333518.72,0.0,0,0,0,0,0.0,0,3434682.5,1568799.15,170209,34313,123835,30690,72.755,89.441,7481780.37,3076560.72,843999.05,190862.53
br=0.1_btcRN=100000_ethRN=100000_flow=25%_start=d224_adl=on_emOff,False,0.25,224,True,0.1,15000.0,1384615385.0,100000.0,0.1,15000.0,923076923.0,100000.0,0.01,204522,154525,75.55,5000000.0,1044573432.73,4839658.79,112352.58,11050734.42,1098723.05,-9952011.37,6102413.51,1098723.05,274503.19,5000000.0,12726301596.67,761708934.72,86.7673,0.004633,0.010579,8825895.03,0.0,0,0,0,0,0.0,0,3417119.56,1586570.91,170209,34313,123835,30690,72.755,89.441,7834885.25,3215849.17,898646.96,200076.08
br=0.1_btcRN=100000_ethRN=100000_flow=25%_start=d224_adl=on_emOn,True,0.25,224,True,0.1,15000.0,1384615385.0,100000.0,0.1,15000.0,923076923.0,100000.0,0.01,204522,154525,75.55,5000000.0,1001687350.49,4416153.49,107324.24,10558341.09,1034863.36,-9523477.73,6038345.01,1034863.36,274503.19,5000000.0,12045668467.06,761708934.72,87.4344,0.004409,0.010541,8333518.72,0.0,0,0,0,0,0.0,0,3434681.9,1568799.75,170209,34313,123835,30690,72.755,89.441,7481780.37,3076560.72,843999.64,190863.71
br=0.1_btcRN=100000_ethRN=100000_flow=25%_start=d231_adl=off_emOff,False,0.25,231,False,0.1,15000.0,1384615385.0,100000.0,0.1,15000.0,923076923.0,100000.0,0.01,182657,135480,74.17,5000000.0,921450533.95,3591728.28,98105.1,9650577.15,960743.77,-8689833.38,5963942.43,960743.77,151732.19,5000000.0,11219599044.68,761708934.72,88.6474,0.003898,0.010473,7452445.75,0.0,0,0,0,0,0.0,0,3460939.3,1542259.36,152549,30108,108663,26817,71.232,89.069,6890078.75,2760498.4,800649.99,160093.78
br=0.1_btcRN=100000_ethRN=100000_flow=25%_start=d231_adl=off_emOn,True,0.25,231,False,0.1,15000.0,1384615385.0,100000.0,0.1,15000.0,923076923.0,100000.0,0.01,182657,135480,74.17,5000000.0,889996157.74,3288809.62,94489.36,9296724.33,913425.36,-8383298.98,5916469.59,913425.36,151732.19,5000000.0,10724881598.88,761708934.72,89.1417,0.003695,0.010446,7098605.25,0.0,0,0,0,0,0.0,0,3458499.79,1544544.45,152549,30108,108663,26817,71.232,89.069,6635800.49,2660923.84,759934.28,153491.08
br=0.1_btcRN=100000_ethRN=100000_flow=25%_start=d231_adl=on_emOff,False,0.25,231,True,0.1,15000.0,1384615385.0,100000.0,0.1,15000.0,923076923.0,100000.0,0.01,182657,135480,74.17,5000000.0,921450533.95,3591726.32,98105.1,9650577.15,960745.73,-8689831.42,5963944.39,960745.73,151732.19,5000000.0,11219599044.68,761708934.72,88.6474,0.003898,0.010473,7452445.75,0.0,0,0,0,0,0.0,0,3460938.69,1542259.97,152549,30108,108663,26817,71.232,89.069,6890078.75,2760498.4,800650.6,160095.13
br=0.1_btcRN=100000_ethRN=100000_flow=25%_start=d231_adl=on_emOn,True,0.25,231,True,0.1,15000.0,1384615385.0,100000.0,0.1,15000.0,923076923.0,100000.0,0.01,182657,135480,74.17,5000000.0,889996157.74,3288807.8,94489.36,9296724.33,913427.17,-8383297.16,5916471.41,913427.17,151732.19,5000000.0,10724881598.88,761708934.72,89.1417,0.003695,0.010446,7098605.25,0.0,0,0,0,0,0.0,0,3458499.18,1544545.06,152549,30108,108663,26817,71.232,89.069,6635800.49,2660923.84,759934.88,153492.29
br=0.1_btcRN=100000_ethRN=100000_flow=25%_start=d238_adl=off_emOff,False,0.25,238,False,0.1,15000.0,1384615385.0,100000.0,0.1,15000.0,923076923.0,100000.0,0.01,162005,118441,73.11,5000000.0,807382946.38,2410441.94,85183.14,8375004.34,879379.27,-7495625.08,5874424.21,879379.27,112504.48,5000000.0,9801696053.19,698939769.08,90.4716,0.002986,0.010373,6161009.93,7776.46,28,28,28,0,0.0,0.0,3435060.97,1559983.98,135617,26388,95029,23412,70.072,88.722,6000479.01,2374525.33,742636.71,136742.56
br=0.1_btcRN=100000_ethRN=100000_flow=25%_start=d238_adl=off_emOn,True,0.25,238,False,0.1,15000.0,1384615385.0,100000.0,0.1,15000.0,923076923.0,100000.0,0.01,162005,118441,73.11,5000000.0,785372127.42,2203189.73,82700.93,8132174.16,846283.5,-7285890.66,5841220.64,846283.5,112504.48,5000000.0,9457606730.35,698939769.08,90.8208,0.002805,0.010355,5918188.32,7776.46,28,28,28,0,0.0,0.0,3453857.88,1541079.26,135617,26388,95029,23412,70.072,88.722,5826149.42,2306024.73,714023.05,132260.45
br=0.1_btcRN=100000_ethRN=100000_flow=25%_start=d238_adl=on_emOff,False,0.25,238,True,0.1,15000.0,1384615385.0,100000.0,0.1,15000.0,923076923.0,100000.0,0.01,162005,118441,73.11,5000000.0,807382952.21,2410439.98,85183.14,8375004.34,879381.22,-7495623.12,5874426.18,879381.22,112504.48,5000000.0,9801696053.19,698939769.08,90.4716,0.002985,0.010373,6161009.32,7776.46,28,28,28,0,0.0,0.0,3435060.97,1559983.98,135617,26388,95029,23412,70.072,88.722,6000479.01,2374525.33,742637.32,136743.9
br=0.1_btcRN=100000_ethRN=100000_flow=25%_start=d238_adl=on_emOn,True,0.25,238,True,0.1,15000.0,1384615385.0,100000.0,0.1,15000.0,923076923.0,100000.0,0.01,162005,118441,73.11,5000000.0,785372137.39,2203187.92,82700.93,8132174.21,846285.35,-7285888.85,5841222.5,846285.35,112504.48,5000000.0,9457606796.38,698939769.08,90.8209,0.002805,0.010355,5918187.76,7776.46,28,28,28,0,0.0,0.0,3453857.88,1541079.27,135617,26388,95029,23412,70.072,88.722,5826149.46,2306024.75,714023.67,132261.69
br=0.1_btcRN=100000_ethRN=100000_flow=25%_start=d245_adl=off_emOff,False,0.25,245,False,0.1,15000.0,1384615385.0,100000.0,0.1,15000.0,923076923.0,100000.0,0.01,138355,100479,72.62,5000000.0,702046847.87,1356075.82,73497.17,7219991.15,790418.17,-6429572.99,5793012.69,790418.17,95916.53,5000000.0,8519251015.77,679394435.23,92.1743,0.001932,0.010284,4990307.68,0.0,0,0,0,0,0.0,0,3533631.89,1468962.63,115635,22720,80427,20052,69.552,88.257,5192249.89,2027741.26,673839.03,116579.14
br=0.1_btcRN=100000_ethRN=100000_flow=25%_start=d245_adl=off_emOn,True,0.25,245,False,0.1,15000.0,1384615385.0,100000.0,0.1,15000.0,923076923.0,100000.0,0.01,138355,100479,72.62,5000000.0,687315510.75,1219864.15,71865.5,7060369.0,768639.35,-6291729.65,5771162.96,768639.35,95916.53,5000000.0,8290352795.0,679394435.23,92.4102,0.001775,0.010272,4830691.33,0.0,0,0,0,0,0.0,0,3533900.64,1468622.97,115635,22720,80427,20052,69.552,88.257,5077906.31,1982462.69,654902.56,113736.79
br=0.1_btcRN=100000_ethRN=100000_flow=25%_start=d245_adl=on_emOff,False,0.25,245,True,0.1,15000.0,1384615385.0,100000.0,0.1,15000.0,923076923.0,100000.0,0.01,138355,100479,72.62,5000000.0,702046852.66,1356073.86,73497.17,7219991.15,790420.12,-6429571.03,5793014.65,790420.12,95916.53,5000000.0,8519251015.77,679394435.23,92.1743,0.001932,0.010284,4990307.07,0.0,0,0,0,0,0.0,0,3533631.89,1468962.63,115635,22720,80427,20052,69.552,88.257,5192249.89,2027741.26,673839.64,116580.48
br=0.1_btcRN=100000_ethRN=100000_flow=25%_start=d245_adl=on_emOn,True,0.25,245,True,0.1,15000.0,1384615385.0,100000.0,0.1,15000.0,923076923.0,100000.0,0.01,138355,100479,72.62,5000000.0,687315519.06,1219862.32,71865.5,7060369.04,768641.22,-6291727.81,5771164.84,768641.22,95916.53,5000000.0,8290352850.07,679394435.23,92.4102,0.001775,0.010272,4830690.76,0.0,0,0,0,0,0.0,0,3533900.64,1468622.98,115635,22720,80427,20052,69.552,88.257,5077906.34,1982462.7,654903.18,113738.05
br=0.1_btcRN=100000_ethRN=100000_flow=25%_start=d252_adl=off_emOff,False,0.25,252,False,0.1,15000.0,1384615385.0,100000.0,0.1,15000.0,923076923.0,100000.0,0.01,113282,83882,74.05,5000000.0,598323502.64,340568.15,62189.37,6104534.34,701776.81,-5402757.52,5704062.5,701776.81,110969.73,5000000.0,7249049118.28,679394435.23,93.8452,0.000569,0.010203,3872582.38,2.34,2,2,2,0,-0.0,0.0,3502191.33,1500094.36,94032,19250,66908,16974,71.155,88.177,4379093.45,1725440.89,600141.76,101635.05
br=0.1_btcRN=100000_ethRN=100000_flow=25%_start=d252_adl=off_emOn,True,0.25,252,False,0.1,15000.0,1384615385.0,100000.0,0.1,15000.0,923076923.0,100000.0,0.01,113282,83882,74.05,5000000.0,589353236.72,258315.73,61214.15,6009018.84,689488.96,-5319529.88,5691734.51,689488.96,110969.73,5000000.0,7109544172.58,679394435.23,93.9901,0.000438,0.010196,3777070.32,2.34,2,2,2,0,-0.0,0.0,3483903.44,1518342.11,94032,19250,66908,16974,71.155,88.177,4310841.64,1698177.2,589361.38,100127.58
br=0.1_btcRN=100000_ethRN=100000_flow=25%_start=d252_adl=on_emOff,False,0.25,252,True,0.1,15000.0,1384615385.0,100000.0,0.1,15000.0,923076923.0,100000.0,0.01,113282,83882,74.05,5000000.0,598323502.64,340566.8,62189.38,6104534.34,701778.16,-5402756.18,5704063.85,701778.16,110969.73,5000000.0,7249049118.28,679394435.23,93.8452,0.000569,0.010203,3872582.38,2.34,2,2,2,0,-0.0,0.0,3502191.33,1500094.36,94032,19250,66908,16974,71.155,88.177,4379093.45,1725440.89,600141.76,101636.4
br=0.1_btcRN=100000_ethRN=100000_flow=25%_start=d252_adl=on_emOn,True,0.25,252,True,0.1,15000.0,1384615385.0,100000.0,0.1,15000.0,923076923.0,100000.0,0.01,113282,83882,74.05,5000000.0,589353236.72,258314.45,61214.15,6009018.84,689490.24,-5319528.6,5691735.79,689490.24,110969.73,5000000.0,7109544172.58,679394435.23,93.9901,0.000438,0.010196,3777070.32,2.34,2,2,2,0,-0.0,0.0,3483904.72,1518340.83,94032,19250,66908,16974,71.155,88.177,4310841.64,1698177.2,589361.38,100128.86
br=0.1_btcRN=100000_ethRN=100000_flow=25%_start=d259_adl=off_emOff,False,0.25,259,False,0.1,15000.0,1384615385.0,100000.0,0.1,15000.0,923076923.0,100000.0,0.01,92137,66805,72.51,4236017.02,488218206.59,50304.83,50304.83,4933468.0,596841.32,-4336626.68,4834798.64,596841.32,189835.18,4236017.02,5921969043.88,676397433.03,95.9554,0.000103,0.010105,2502965.03,0.0,0,0,0,0,0.0,0,2939997.17,1297960.14,76999,15138,53516,13289,69.502,87.786,3523512.81,1409955.19,513045.38,83795.95
br=0.1_btcRN=100000_ethRN=100000_flow=25%_start=d259_adl=off_emOn,True,0.25,259,False,0.1,15000.0,1384615385.0,100000.0,0.1,15000.0,923076923.0,100000.0,0.01,92137,66805,72.51,4202910.88,484592021.41,49920.34,49920.34,4895688.11,592936.55,-4302751.56,4797774.35,592936.55,189835.18,4202910.88,5862664903.8,676397433.03,96.0146,0.000103,0.010103,2465186.36,0.0,0,0,0,0,0.0,0,2917489.11,1287348.69,76999,15138,53516,13289,69.502,87.786,3497024.22,1398663.88,509594.63,83341.92
br=0.1_btcRN=100000_ethRN=100000_flow=25%_start=d259_adl=on_emOff,False,0.25,259,True,0.1,15000.0,1384615385.0,100000.0,0.1,15000.0,923076923.0,100000.0,0.01,92137,66805,72.51,4236015.67,488218206.59,50304.83,50304.83,4933468.0,596842.67,-4336625.33,4834798.64,596842.67,189835.18,4236015.67,5921969043.88,676397433.03,95.9554,0.000103,0.010105,2502965.03,0.0,0,0,0,0,0.0,0,2939997.17,1297958.79,76999,15138,53516,13289,69.502,87.786,3523512.81,1409955.19,513045.38,83797.29
br=0.1_btcRN=100000_ethRN=100000_flow=25%_start=d259_adl=on_emOn,True,0.25,259,True,0.1,15000.0,1384615385.0,100000.0,0.1,15000.0,923076923.0,100000.0,0.01,92137,66805,72.51,4202909.57,484592021.41,49920.34,49920.34,4895688.11,592937.85,-4302750.26,4797774.35,592937.85,189835.18,4202909.57,5862664903.8,676397433.03,96.0146,0.000103,0.010103,2465186.36,0.0,0,0,0,0,0.0,0,2917489.11,1287347.39,76999,15138,53516,13289,69.502,87.786,3497024.22,1398663.88,509594.63,83343.22
br=0.1_btcRN=100000_ethRN=100000_flow=25%_start=d28_adl=off_emOff,False,0.25,28,False,0.1,15000.0,1384615385.0,100000.0,0.1,15000.0,923076923.0,100000.0,0.01,815552,673628,82.6,5000000.0,4076975191.11,47761888.21,599304.14,58971773.59,5610581.25,-53361192.34,10629754.05,5610581.25,558424.65,5000000.0,72286822086.09,1632224153.62,46.1138,0.011715,0.014465,56711851.64,0.0,0,0,0,0,0.0,0,2042844.82,2976327.98,618599,196953,494369,179259,79.918,91.016,38476420.08,20495353.52,4001059.54,1609521.71
br=0.1_btcRN=100000_ethRN=100000_flow=25%_start=d28_adl=off_emOn,True,0.25,28,False,0.1,15000.0,1384615385.0,100000.0,0.1,15000.0,923076923.0,100000.0,0.01,815552,673628,82.6,5000000.0,3362542851.68,35092481.9,454442.14,44727409.18,4180485.14,-40546924.04,9194821.23,4180485.14,558424.65,5000000.0,53360433554.75,1632224153.62,54.5541,0.010436,0.013302,42467858.78,0.0,0,0,0,0,0.0,0,2126198.57,2888137.52,618599,196953,494369,179259,79.918,91.016,28722636.97,16004772.2,2911254.03,1269231.1
br=0.1_btcRN=100000_ethRN=100000_flow=25%_start=d28_adl=on_emOff,False,0.25,28,True,0.1,15000.0,1384615385.0,100000.0,0.1,15000.0,923076923.0,100000.0,0.01,815552,673628,82.6,5000000.0,4076975191.11,47704268.94,599369.03,58971773.59,5668135.63,-53303637.97,10687438.21,5668135.63,558424.65,5000000.0,72286822086.09,1632224153.62,46.1138,0.011701,0.014465,56711851.64,0.0,0,0,0,0,0.0,0,2038252.86,2981049.72,618599,196953,494369,179259,79.918,91.016,38476420.08,20495353.52,4041908.25,1626227.38
br=0.1_btcRN=100000_ethRN=100000_flow=25%_start=d28_adl=on_emOn,True,0.25,28,True,0.1,15000.0,1384615385.0,100000.0,0.1,15000.0,923076923.0,100000.0,0.01,815552,673628,82.6,5000000.0,3362542851.68,35042908.19,454497.97,44727409.18,4230003.02,-40497406.15,9244450.77,4230003.02,558424.65,5000000.0,53360433554.75,1632224153.62,54.5541,0.010422,0.013302,42467858.78,0.0,0,0,0,0,0.0,0,2122254.03,2892193.72,618599,196953,494369,179259,79.918,91.016,28722636.97,16004772.2,2946388.62,1283614.4
br=0.1_btcRN=100000_ethRN=100000_flow=25%_start=d35_adl=off_emOff,False,0.25,35,False,0.1,15000.0,1384615385.0,100000.0,0.1,15000.0,923076923.0,100000.0,0.01,796814,657418,82.51,5000000.0,3959654488.7,45357354.16,572048.1,56292562.84,5363160.57,-50929402.27,10381405.52,5363160.57,452257.59,5000000.0,68751618768.64,1632224153.62,47.6294,0.011455,0.014217,53877635.78,0.0,0,0,0,0,0.0,0,2318809.45,2699435.5,608571,188243,486234,171184,79.898,90.938,37368021.13,18924541.71,3849186.75,1513973.82
br=0.1_btcRN=100000_ethRN=100000_flow=25%_start=d35_adl=off_emOn,True,0.25,35,False,0.1,15000.0,1384615385.0,100000.0,0.1,15000.0,923076923.0,100000.0,0.01,796814,657418,82.51,5000000.0,3284905269.34,33700682.85,438837.92,43192843.65,4053322.88,-39139520.77,9067141.84,4053322.88,452257.59,5000000.0,51423360945.93,1632224153.62,55.7068,0.010259,0.013149,40778250.28,0.0,0,0,0,0,0.0,0,2375426.49,2638392.47,608571,188243,486234,171184,79.898,90.938,28354438.66,14838404.99,2839450.05,1213872.84
br=0.1_btcRN=100000_ethRN=100000_flow=25%_start=d35_adl=on_emOff,False,0.25,35,True,0.1,15000.0,1384615385.0,100000.0,0.1,15000.0,923076923.0,100000.0,0.01,796814,657418,82.51,5000000.0,3959654488.7,45299734.9,572112.99,56292562.84,5420714.95,-50871847.89,10439089.67,5420714.95,452257.59,5000000.0,68751618768.64,1632224153.62,47.6294,0.01144,0.014217,53877635.78,0.0,0,0,0,0,0.0,0,2314217.49,2704157.23,608571,188243,486234,171184,79.898,90.938,37368021.13,18924541.71,3890035.45,1530679.49
br=0.1_btcRN=100000_ethRN=100000_flow=25%_start=d35_adl=on_emOn,True,0.25,35,True,0.1,15000.0,1384615385.0,100000.0,0.1,15000.0,923076923.0,100000.0,0.01,796814,657418,82.51,5000000.0,3284905269.34,33649085.06,438896.03,43192843.65,4104862.56,-39087981.09,9118797.74,4104862.56,452257.59,5000000.0,51423360945.93,1632224153.62,55.7068,0.010244,0.013149,40778250.28,0.0,0,0,0,0,0.0,0,2371321.25,2642613.93,608571,188243,486234,171184,79.898,90.938,28354438.66,14838404.99,2876018.6,1228843.96
br=0.1_btcRN=100000_ethRN=100000_flow=25%_start=d42_adl=off_emOff,False,0.25,42,False,0.1,15000.0,1384615385.0,100000.0,0.1,15000.0,923076923.0,100000.0,0.01,780127,644094,82.56,5000000.0,3865698947.12,43797381.16,552851.93,54423223.61,5072990.52,-49350233.09,10084662.15,5072990.52,218422.89,5000000.0,66263362387.85,1632224153.62,48.6266,0.01133,0.014078,52085441.06,5521.91,13,13,13,0,-0.0,0.0,2359205.56,2652466.07,598603,181524,478875,165219,79.999,91.018,36413535.19,18009688.41,3705343.71,1367646.81
br=0.1_btcRN=100000_ethRN=100000_flow=25%_start=d42_adl=off_emOn,True,0.25,42,False,0.1,15000.0,1384615385.0,100000.0,0.1,15000.0,923076923.0,100000.0,0.01,780127,644094,82.56,5000000.0,3216602466.49,32772645.36,426882.19,42035238.36,3835710.81,-38199527.55,8843202.67,3835710.81,218422.89,5000000.0,49904624438.01,1632224153.62,56.4631,0.010189,0.013068,39697767.92,5521.91,13,13,13,0,-0.0,0.0,2425345.29,2582146.57,598603,181524,478875,165219,79.999,91.018,27865565.63,14169672.73,2745502.12,1090208.69
br=0.1_btcRN=100000_ethRN=100000_flow=25%_start=d42_adl=on_emOff,False,0.25,42,True,0.1,15000.0,1384615385.0,100000.0,0.1,15000.0,923076923.0,100000.0,0.01,780127,644094,82.56,5000000.0,3865698947.12,43739761.9,552916.82,54423223.61,5130544.89,-49292678.71,10142346.3,5130544.89,218422.89,5000000.0,66263362387.85,1632224153.62,48.6266,0.011315,0.014078,52085441.06,5521.91,13,13,13,0,-0.0,0.0,2354613.6,2657187.81,598603,181524,478875,165219,79.999,91.018,36413535.19,18009688.41,3746192.41,1384352.48
br=0.1_btcRN=100000_ethRN=100000_flow=25%_start=d42_adl=on_emOn,True,0.25,42,True,0.1,15000.0,1384615385.0,100000.0,0.1,15000.0,923076923.0,100000.0,0.01,780127,644094,82.56,5000000.0,3216602466.49,32719667.94,426941.85,42035238.36,3888628.58,-38146609.79,8896239.76,3888628.58,218422.89,5000000.0,49904624438.01,1632224153.62,56.4631,0.010172,0.013068,39697767.92,5521.91,13,13,13,0,-0.0,0.0,2421130.54,2586480.64,598603,181524,478875,165219,79.999,91.018,27865565.63,14169672.73,2783048.06,1105580.51
br=0.1_btcRN=100000_ethRN=100000_flow=25%_start=d49_adl=off_emOff,False,0.25,49,False,0.1,15000.0,1384615385.0,100000.0,0.1,15000.0,923076923.0,100000.0,0.01,760376,629452,82.78,5000000.0,3772126515.81,42317104.02,534997.81,52680428.77,4828326.95,-47852101.82,9844713.99,4828326.95,193992.61,5000000.0,63434817994.37,1632224153.62,49.5348,0.011218,0.013966,50500697.21,0.0,0,0,0,0,0.0,0,2597905.79,2418481.24,586328,174048,470893,158559,80.312,91.101,35499690.42,17180738.36,3540762.63,1287564.32
br=0.1_btcRN=100000_ethRN=100000_flow=25%_start=d49_adl=off_emOn,True,0.25,49,False,0.1,15000.0,1384615385.0,100000.0,0.1,15000.0,923076923.0,100000.0,0.01,760376,629452,82.78,5000000.0,3146032157.52,31842432.49,415340.77,40912961.76,3655188.5,-37257773.26,8667610.81,3655188.5,193992.61,5000000.0,47906913683.68,1632224153.62,57.1512,0.010121,0.013005,38733524.78,0.0,0,0,0,0,0.0,0,2673998.96,2338423.35,586328,174048,470893,158559,80.312,91.101,27361559.37,13551402.38,2625473.91,1029714.59
br=0.1_btcRN=100000_ethRN=100000_flow=25%_start=d49_adl=on_emOff,False,0.25,49,True,0.1,15000.0,1384615385.0,100000.0,0.1,15000.0,923076923.0,100000.0,0.01,760376,629452,82.78,5000000.0,3772126515.81,42259484.75,535062.7,52680428.77,4885881.33,-47794547.45,9902398.14,4885881.33,193992.61,5000000.0,63434817994.37,1632224153.62,49.5348,0.011203,0.013966,50500697.21,0.0,0,0,0,0,0.0,0,2593313.84,2423202.98,586328,174048,470893,158559,80.312,91.101,35499690.42,17180738.36,3581611.34,1304269.99
br=0.1_btcRN=100000_ethRN=100000_flow=25%_start=d49_adl=on_emOn,True,0.25,49,True,0.1,15000.0,1384615385.0,100000.0,0.1,15000.0,923076923.0,100000.0,0.01,760376,629452,82.78,5000000.0,3146032157.52,31788163.72,415401.89,40912961.76,3709396.15,-37203565.61,8721940.7,3709396.15,193992.61,5000000.0,47906913683.68,1632224153.62,57.1512,0.010104,0.013005,38733524.78,0.0,0,0,0,0,0.0,0,2666008.17,2346536.38,586328,174048,470893,158559,80.312,91.101,27361559.37,13551402.38,2663934.67,1045461.48
br=0.1_btcRN=100000_ethRN=100000_flow=25%_start=d56_adl=off_emOff,False,0.25,56,False,0.1,15000.0,1384615385.0,100000.0,0.1,15000.0,923076923.0,100000.0,0.01,743025,616246,82.94,5000000.0,3674751623.04,40364294.2,513782.61,50586766.03,4708689.22,-45878076.81,9712645.73,4708689.22,204304.24,5000000.0,60412074738.95,1632224153.62,50.8676,0.010984,0.013766,48252214.78,11731.04,16,16,16,0,0.0,0.0,2764212.38,2239744.13,575385,167640,463481,152765,80.551,91.127,34465976.49,16120789.54,3481406.77,1227282.44
br=0.1_btcRN=100000_ethRN=100000_flow=25%_start=d56_adl=off_emOn,True,0.25,56,False,0.1,15000.0,1384615385.0,100000.0,0.1,15000.0,923076923.0,100000.0,0.01,743025,616246,82.94,5000000.0,3081672831.92,30655836.99,402908.6,39682807.72,3624062.14,-36058745.59,8624349.79,3624062.14,204304.24,5000000.0,46029951849.66,1632224153.62,58.1617,0.009948,0.012877,37348527.81,11731.04,16,16,16,0,0.0,0.0,2835133.02,2165154.63,575385,167640,463481,152765,80.551,91.127,26905214.65,12777593.07,2628200.78,995861.35
br=0.1_btcRN=100000_ethRN=100000_flow=25%_start=d56_adl=on_emOff,False,0.25,56,True,0.1,15000.0,1384615385.0,100000.0,0.1,15000.0,923076923.0,100000.0,0.01,743025,616246,82.94,5000000.0,3674751623.04,40306674.93,513847.5,50586766.03,4766243.59,-45820522.44,9770329.89,4766243.59,204304.24,5000000.0,60412074738.95,1632224153.62,50.8676,0.010969,0.013766,48252214.78,11731.04,16,16,16,0,0.0,0.0,2760376.79,2243709.51,575385,167640,463481,152765,80.551,91.127,34465976.49,16120789.54,3522255.48,1243988.11
br=0.1_btcRN=100000_ethRN=100000_flow=25%_start=d56_adl=on_emOn,True,0.25,56,True,0.1,15000.0,1384615385.0,100000.0,0.1,15000.0,923076923.0,100000.0,0.01,743025,616246,82.94,5000000.0,3081672831.92,30599606.29,402971.92,39682807.72,3680229.51,-36002578.22,8680643.82,3680229.51,204304.24,5000000.0,46029951849.66,1632224153.62,58.1617,0.00993,0.012877,37348527.81,11731.04,16,16,16,0,0.0,0.0,2826343.72,2174070.59,575385,167640,463481,152765,80.551,91.127,26905214.65,12777593.07,2668051.38,1012178.13
br=0.1_btcRN=100000_ethRN=100000_flow=25%_start=d63_adl=off_emOff,False,0.25,63,False,0.1,15000.0,1384615385.0,100000.0,0.1,15000.0,923076923.0,100000.0,0.01,726340,603086,83.03,5000000.0,3597554157.5,38994171.38,497552.92,48997573.64,4505849.33,-44491724.31,9521003.71,4505849.33,292779.36,5000000.0,58382348381.32,1632224153.62,51.8992,0.010839,0.01362,46571503.54,0.0,0,0,0,0,0.0,0,2962716.5,2052437.88,564560,161780,455570,147516,80.695,91.183,33643217.22,15354356.42,3348562.0,1157287.33
br=0.1_btcRN=100000_ethRN=100000_flow=25%_start=d63_adl=off_emOn,True,0.25,63,False,0.1,15000.0,1384615385.0,100000.0,0.1,15000.0,923076923.0,100000.0,0.01,726340,603086,83.03,5000000.0,3029254817.83,29846857.05,393073.63,38722699.83,3482769.15,-35239930.68,8494462.42,3482769.15,292779.36,5000000.0,44829223155.0,1632224153.62,58.947,0.009853,0.012783,36296885.42,0.0,0,0,0,0,0.0,0,3018326.23,1993367.03,564560,161780,455570,147516,80.695,91.183,26503557.14,12219142.69,2539674.87,943094.29
br=0.1_btcRN=100000_ethRN=100000_flow=25%_start=d63_adl=on_emOff,False,0.25,63,True,0.1,15000.0,1384615385.0,100000.0,0.1,15000.0,923076923.0,100000.0,0.01,726340,603086,83.03,5000000.0,3600522110.2,38936552.12,497617.81,48997573.64,4563403.71,-44434169.93,9578687.86,4563403.71,292779.36,5000000.0,58382348381.32,1632224153.62,51.9377,0.010814,0.013608,46509776.01,0.0,0,0,0,0,0.0,0,2945329.16,2069955.0,564560,161780,455570,147516,80.695,91.183,33643217.22,15354356.42,3389410.71,1173993.0
br=0.1_btcRN=100000_ethRN=100000_flow=25%_start=d63_adl=on_emOn,True,0.25,63,True,0.1,15000.0,1384615385.0,100000.0,0.1,15000.0,923076923.0,100000.0,0.01,726340,603086,83.03,5000000.0,3033126192.09,29809588.81,393369.12,38745396.21,3542438.28,-35202957.93,8554268.6,3542438.28,292779.36,5000000.0,44858863607.48,1632224153.62,58.9765,0.009828,0.012774,36257853.7,0.0,0,0,0,0,0.0,0,3007872.21,2003958.12,564560,161780,455570,147516,80.695,91.183,26518813.32,12226582.89,2582090.62,960347.66
br=0.1_btcRN=100000_ethRN=100000_flow=25%_start=d70_adl=off_emOff,False,0.25,70,False,0.1,15000.0,1384615385.0,100000.0,0.1,15000.0,923076923.0,100000.0,0.01,701043,583118,83.18,5000000.0,3470057691.78,37222637.44,475359.35,46832152.42,4134155.64,-42697996.79,9148231.28,4134155.64,887000.84,5000000.0,55657217988.3,1632224153.62,53.087,0.010727,0.013496,44697493.37,0.0,0,0,0,0,0.0,0,2903020.35,2111055.3,546740,154303,442281,140837,80.894,91.273,32203010.71,14629141.71,3181270.4,952885.24
br=0.1_btcRN=100000_ethRN=100000_flow=25%_start=d70_adl=off_emOn,True,0.25,70,False,0.1,15000.0,1384615385.0,100000.0,0.1,15000.0,923076923.0,100000.0,0.01,701043,583118,83.18,5000000.0,2929654667.05,28689404.62,377869.59,37244898.85,3177624.64,-34067274.21,8188465.84,3177624.64,887000.84,5000000.0,43003797878.66,1632224153.62,59.8522,0.009793,0.012713,35110478.39,0.0,0,0,0,0,0.0,0,2968633.57,2042207.63,546740,154303,442281,140837,80.894,91.273,25527237.09,11717661.75,2421996.09,755628.55
br=0.1_btcRN=100000_ethRN=100000_flow=25%_start=d70_adl=on_emOff,False,0.25,70,True,0.1,15000.0,1384615385.0,100000.0,0.1,15000.0,923076923.0,100000.0,0.01,701043,583118,83.18,5000000.0,3473012691.18,37165018.18,475424.24,46832152.42,4191710.01,-42640442.41,9205915.44,4191710.01,831083.12,5000000.0,55657217988.3,1632224153.62,53.1277,0.010701,0.013485,44634477.1,0.0,0,0,0,0,0.0,0,2903662.5,2110542.92,546740,154303,442281,140837,80.894,91.273,32203010.71,14629141.71,3222119.1,969590.91
br=0.1_btcRN=100000_ethRN=100000_flow=25%_start=d70_adl=on_emOn,True,0.25,70,True,0.1,15000.0,1384615385.0,100000.0,0.1,15000.0,923076923.0,100000.0,0.01,701043,583118,83.18,5000000.0,2933550702.1,28652143.96,378166.64,37267733.9,3237423.29,-34030310.61,8248401.9,3237423.29,831083.12,5000000.0,43033706637.61,1632224153.62,59.8832,0.009767,0.012704,35070296.6,0.0,0,0,0,0,0.0,0,2966377.45,2044601.16,546740,154303,442281,140837,80.894,91.273,25542743.88,11724990.02,2464515.78,772907.51
br=0.1_btcRN=100000_ethRN=100000_flow=25%_start=d77_adl=off_emOff,False,0.25,77,False,0.1,15000.0,1384615385.0,100000.0,0.1,15000.0,923076923.0,100000.0,0.01,666430,552221,82.86,5000000.0,3301225469.93,34235542.77,443351.92,43660379.84,3981485.15,-39678894.69,8994981.4,3981485.15,316257.48,5000000.0,51688302421.7,1207844999.84,55.2359,0.010371,0.013226,41462112.54,0.0,0,0,0,0,0.0,0,2999261.36,2014234.88,523676,142754,422341,129880,80.649,90.982,30315002.38,13345377.46,3083051.77,898433.39
br=0.1_btcRN=100000_ethRN=100000_flow=25%_start=d77_adl=off_emOn,True,0.25,77,False,0.1,15000.0,1384615385.0,100000.0,0.1,15000.0,923076923.0,100000.0,0.01,666430,552221,82.86,5000000.0,2809563906.56,26726112.96,357567.27,35224108.39,3140428.16,-32083680.23,8151080.53,3140428.16,316257.48,5000000.0,40542446059.56,1207844999.84,61.4939,0.009513,0.012537,33026050.49,0.0,0,0,0,0,0.0,0,3060726.98,1949925.39,523676,142754,422341,129880,80.649,90.982,24425217.74,10798890.65,2410756.86,729671.31
br=0.1_btcRN=100000_ethRN=100000_flow=25%_start=d77_adl=on_emOff,False,0.25,77,True,0.1,15000.0,1384615385.0,100000.0,0.1,15000.0,923076923.0,100000.0,0.01,666430,552221,82.86,5000000.0,3301225469.93,34235461.47,443352.01,43660379.84,3981566.36,-39678813.48,8995062.79,3981566.36,316257.48,5000000.0,51688302421.7,1207844999.84,55.2359,0.010371,0.013226,41462112.54,0.0,0,0,0,0,0.0,0,2999259.66,2014236.77,523676,142754,422341,129880,80.649,90.982,30315002.38,13345377.46,3083110.47,898455.89
br=0.1_btcRN=100000_ethRN=100000_flow=25%_start=d77_adl=on_emOn,True,0.25,77,True,0.1,15000.0,1384615385.0,100000.0,0.1,15000.0,923076923.0,100000.0,0.01,666430,552221,82.86,5000000.0,2809563906.56,26726041.0,357567.35,35224108.39,3140500.05,-32083608.34,8151152.58,3140500.05,316257.48,5000000.0,40542446059.56,1207844999.84,61.4939,0.009513,0.012537,33026050.49,0.0,0,0,0,0,0.0,0,3060747.58,1949904.95,523676,142754,422341,129880,80.649,90.982,24425217.74,10798890.65,2410807.47,729692.58
br=0.1_btcRN=100000_ethRN=100000_flow=25%_start=d7_adl=off_emOff,False,0.25,7,False,0.1,15000.0,1384615385.0,100000.0,0.1,15000.0,923076923.0,100000.0,0.01,886486,736633,83.1,5000000.0,4510004984.93,56555109.56,699179.4,68806437.15,6552148.19,-62254288.96,11568200.78,6552148.19,238591.86,5000000.0,85596283050.14,1632224153.62,41.4059,0.01254,0.015256,66487680.34,6167.42,2,2,2,0,0.0,0.0,1332963.75,3683088.83,647926,238560,518371,218262,80.005,91.491,41832889.02,26973548.13,4474093.95,2078054.24
br=0.1_btcRN=100000_ethRN=100000_flow=25%_start=d7_adl=off_emOn,True,0.25,7,False,0.1,15000.0,1384615385.0,100000.0,0.1,15000.0,923076923.0,100000.0,0.01,886486,736633,83.1,5000000.0,3665198061.78,40210913.21,512104.2,50414974.63,4691957.22,-45723017.41,9701688.65,4691957.22,238591.86,5000000.0,60777404415.97,1632224153.62,50.9617,0.010971,0.013755,48096721.89,6167.42,2,2,2,0,0.0,0.0,1385060.81,3624670.62,647926,238560,518371,218262,80.005,91.491,29577196.79,20837777.84,3114341.3,1577615.92
br=0.1_btcRN=100000_ethRN=100000_flow=25%_start=d7_adl=on_emOff,False,0.25,7,True,0.1,15000.0,1384615385.0,100000.0,0.1,15000.0,923076923.0,100000.0,0.01,886486,736633,83.1,5000000.0,4510004984.93,56497490.29,699244.29,68806437.15,6609702.57,-62196734.58,11625884.93,6609702.57,238591.86,5000000.0,85596283050.14,1632224153.62,41.4059,0.012527,0.015256,66487680.34,6167.42,2,2,2,0,0.0,0.0,1328371.8,3687810.57,647926,238560,518371,218262,80.005,91.491,41832889.02,26973548.13,4514942.66,2094759.91
br=0.1_btcRN=100000_ethRN=100000_flow=25%_start=d7_adl=on_emOn,True,0.25,7,True,0.1,15000.0,1384615385.0,100000.0,0.1,15000.0,923076923.0,100000.0,0.01,886486,736633,83.1,5000000.0,3665198061.78,40167118.05,512153.52,50414974.63,4735703.06,-45679271.57,9745533.13,4735703.06,238591.86,5000000.0,60777404415.97,1632224153.62,50.9617,0.010959,0.013755,48096721.89,6167.42,2,2,2,0,0.0,0.0,1381575.22,3628254.85,647926,238560,518371,218262,80.005,91.491,29577196.79,20837777.84,3145381.76,1590321.3
br=0.1_btcRN=100000_ethRN=100000_flow=25%_start=d84_adl=off_emOff,False,0.25,84,False,0.1,15000.0,1384615385.0,100000.0,0.1,15000.0,923076923.0,100000.0,0.01,636760,528008,82.92,5000000.0,3179618537.16,32135248.68,420188.36,41373344.4,3817907.36,-37555437.04,8830817.19,3817907.36,197370.78,5000000.0,48861702458.64,1207844999.84,56.9429,0.010107,0.013012,39023595.86,0.0,0,0,0,0,0.0,0,2988649.05,2024260.78,502480,134280,405676,122332,80.735,91.102,28753985.93,12619358.48,2965826.54,852080.82
br=0.1_btcRN=100000_ethRN=100000_flow=25%_start=d84_adl=off_emOn,True,0.25,84,False,0.1,15000.0,1384615385.0,100000.0,0.1,15000.0,923076923.0,100000.0,0.01,636760,528008,82.92,5000000.0,2725033781.67,25368189.6,342889.51,33771591.01,3060511.9,-30711079.11,8070859.1,3060511.9,197370.78,5000000.0,38806434723.72,1207844999.84,62.8036,0.009309,0.012393,31422030.89,0.0,0,0,0,0,0.0,0,3046801.01,1963546.18,502480,134280,405676,122332,80.735,91.102,23438591.15,10332999.86,2357280.04,703231.86
br=0.1_btcRN=100000_ethRN=100000_flow=25%_start=d84_adl=on_emOff,False,0.25,84,True,0.1,15000.0,1384615385.0,100000.0,0.1,15000.0,923076923.0,100000.0,0.01,636760,528008,82.92,5000000.0,3179619529.25,32135167.38,420188.45,41373344.4,3817988.57,-37555355.83,8830898.58,3817988.57,197370.78,5000000.0,48861702458.64,1207844999.84,56.9429,0.010107,0.013012,39023572.82,0.0,0,0,0,0,0.0,0,2988670.39,2024239.62,502480,134280,405676,122332,80.735,91.102,28753985.93,12619358.48,2965885.24,852103.33
br=0.1_btcRN=100000_ethRN=100000_flow=25%_start=d84_adl=on_emOn,True,0.25,84,True,0.1,15000.0,1384615385.0,100000.0,0.1,15000.0,923076923.0,100000.0,0.01,636760,528008,82.92,5000000.0,2725035124.72,25368122.04,342889.67,33771598.75,3060587.04,-30711011.71,8070934.4,3060587.04,197370.78,5000000.0,38806444859.51,1207844999.84,62.8036,0.009309,0.012393,31422015.59,0.0,0,0,0,0,0.0,0,3046822.0,1963525.36,502480,134280,405676,122332,80.735,91.102,23438596.5,10333002.25,2357332.98,703254.05
br=0.1_btcRN=100000_ethRN=100000_flow=25%_start=d91_adl=off_emOff,False,0.25,91,False,0.1,15000.0,1384615385.0,100000.0,0.1,15000.0,923076923.0,100000.0,0.01,613376,508943,82.97,5000000.0,3077506470.06,30625179.57,402550.27,39652951.22,3625221.38,-36027729.84,8566166.18,3625221.38,150249.83,5000000.0,46844316780.3,1207844999.84,58.1408,0.009951,0.012885,37376861.18,61974.43,70,87,87,0,-0.0,0.0,3107870.19,1833074.61,486196,127180,392900,116043,80.811,91.243,27704009.95,11948941.27,2845986.22,779235.16
br=0.1_btcRN=100000_ethRN=100000_flow=25%_start=d91_adl=off_emOn,True,0.25,91,False,0.1,15000.0,1384615385.0,100000.0,0.1,15000.0,923076923.0,100000.0,0.01,613376,508943,82.97,5000000.0,2647964491.76,24342709.17,330792.64,32596083.5,2922581.69,-29673501.81,7861148.57,2922581.69,150249.83,5000000.0,37502942975.84,1207844999.84,63.7277,0.009193,0.01231,30320167.72,61974.43,70,87,87,0,-0.0,0.0,3149172.21,1789394.67,486196,127180,392900,116043,80.811,91.243,22765638.54,9830444.96,2279584.85,642996.84
br=0.1_btcRN=100000_ethRN=100000_flow=25%_start=d91_adl=on_emOff,False,0.25,91,True,0.1,15000.0,1384615385.0,100000.0,0.1,15000.0,923076923.0,100000.0,0.01,613376,508943,82.97,5000000.0,3077507357.79,30625100.1,402550.36,39652951.22,3625300.76,-36027650.46,8566245.74,3625300.76,150249.83,5000000.0,46844316780.3,1207844999.84,58.1408,0.009951,0.012885,37376839.97,61974.43,70,87,87,0,-0.0,0.0,3107870.31,1833074.66,486196,127180,392900,116043,80.811,91.243,27704009.95,11948941.27,2846043.09,779257.66
br=0.1_btcRN=100000_ethRN=100000_flow=25%_start=d91_adl=on_emOn,True,0.25,91,True,0.1,15000.0,1384615385.0,100000.0,0.1,15000.0,923076923.0,100000.0,0.01,613376,508943,82.97,5000000.0,2647965704.01,24342641.48,330792.79,32596090.45,2922656.17,-29673434.28,7861223.23,2922656.17,150249.83,5000000.0,37502952081.46,1207844999.84,63.7277,0.009193,0.01231,30320153.47,61974.43,70,87,87,0,-0.0,0.0,3149172.9,1789394.16,486196,127180,392900,116043,80.811,91.243,22765643.36,9830447.09,2279637.16,643019.02
br=0.1_btcRN=100000_ethRN=100000_flow=25%_start=d98_adl=off_emOff,False,0.25,98,False,0.1,15000.0,1384615385.0,100000.0,0.1,15000.0,923076923.0,100000.0,0.01,588382,487473,82.85,5000000.0,2960622138.53,28827143.02,382262.98,37644400.66,3434994.66,-34209406.0,8446559.19,3434994.66,245631.7,5000000.0,44462678344.25,1072894962.23,59.6804,0.009737,0.012715,35333578.32,73.42,1,1,1,0,0.0,0.0,3301427.19,1710137.33,468176,120206,377957,109516,80.73,91.107,26383770.1,11260630.56,2696277.03,738717.63
br=0.1_btcRN=100000_ethRN=100000_flow=25%_start=d98_adl=off_emOn,True,0.25,98,False,0.1,15000.0,1384615385.0,100000.0,0.1,15000.0,923076923.0,100000.0,0.01,588382,487473,82.85,5000000.0,2562184083.3,23127546.51,317173.73,31243164.85,2798444.61,-28444720.24,7807855.35,2798444.61,245631.7,5000000.0,35979503266.09,1072894962.23,64.9208,0.009026,0.012194,28932499.93,73.42,1,1,1,0,0.0,0.0,3361248.66,1648162.09,468176,120206,377957,109516,80.73,91.107,21900432.4,9342732.45,2182526.84,615917.77
br=0.1_btcRN=100000_ethRN=100000_flow=25%_start=d98_adl=on_emOff,False,0.25,98,True,0.1,15000.0,1384615385.0,100000.0,0.1,15000.0,923076923.0,100000.0,0.01,588382,487473,82.85,5000000.0,2960622138.53,28827084.73,382263.04,37644400.66,3435052.88,-34209347.78,8446617.54,3435052.88,245631.7,5000000.0,44462678344.25,1072894962.23,59.6804,0.009737,0.012715,35333578.32,73.42,1,1,1,0,0.0,0.0,3301379.0,1710185.66,468176,120206,377957,109516,80.73,91.107,26383770.1,11260630.56,2696333.9,738718.98
br=0.1_btcRN=100000_ethRN=100000_flow=25%_start=d98_adl=on_emOn,True,0.25,98,True,0.1,15000.0,1384615385.0,100000.0,0.1,15000.0,923076923.0,100000.0,0.01,588382,487473,82.85,5000000.0,2562184083.3,23127492.18,317173.79,31243164.85,2798498.88,-28444665.97,7807909.74,2798498.88,245631.7,5000000.0,35979503266.09,1072894962.23,64.9208,0.009026,0.012194,28932499.93,73.42,1,1,1,0,0.0,0.0,3361248.78,1648162.09,468176,120206,377957,109516,80.73,91.107,21900432.4,9342732.45,2182580.22,615918.65
br=0.1_btcRN=100000_ethRN=100000_flow=50%_start=d0_adl=off_emOff,False,0.5,0,False,0.1,15000.0,1384615385.0,100000.0,0.1,15000.0,923076923.0,100000.0,0.01,1801749,1498713,83.18,4999992.8,6665990679.55,121162448.01,1436328.29,141307246.74,13708477.64,-127598769.1,18754932.34,13708477.64,599851.56,5000000.0,175565726078.1,3157651814.34,21.4571,0.018176,0.021198,139057409.92,49.75,2,2,2,0,-0.0,0.0,1727130.25,3319324.45,1310415,491334,1049222,449491,80.068,91.484,85889141.29,55418105.45,9090976.78,4617500.86
br=0.1_btcRN=100000_ethRN=100000_flow=50%_start=d0_adl=off_emOn,True,0.5,0,False,0.1,15000.0,1384615385.0,100000.0,0.1,15000.0,923076923.0,100000.0,0.01,1801749,1498713,83.18,4999997.44,5084594705.08,70298718.11,852509.12,83928666.5,7777441.83,-76151224.67,12803834.43,7777441.83,599851.56,5000000.0,99654763778.89,3157651814.34,35.4026,0.013826,0.016506,81680406.4,49.75,2,2,2,0,-0.0,0.0,1953580.42,3072812.18,1310415,491334,1049222,449491,80.068,91.484,48182334.94,35746331.55,4835864.94,2941576.89
br=0.1_btcRN=100000_ethRN=100000_flow=50%_start=d0_adl=on_emOff,False,0.5,0,True,0.1,15000.0,1384615385.0,100000.0,0.1,15000.0,923076923.0,100000.0,0.01,1801749,1498713,83.18,4999992.8,6665990679.55,121112021.82,1436385.44,141307246.74,13758846.69,-127548400.05,18805415.68,13758846.69,599851.56,5000000.0,175565726078.1,3157651814.34,21.4571,0.018169,0.021198,139057409.92,49.75,2,2,2,0,-0.0,0.0,1714631.72,3331937.27,1310415,491334,1049222,449491,80.068,91.484,85889141.29,55418105.45,9135559.82,4623286.87
br=0.1_btcRN=100000_ethRN=100000_flow=50%_start=d0_adl=on_emOn,True,0.5,0,True,0.1,15000.0,1384615385.0,100000.0,0.1,15000.0,923076923.0,100000.0,0.01,1801749,1498713,83.18,4999997.44,5084594705.08,70268995.63,852542.8,83928666.5,7807130.62,-76121535.88,12833590.58,7807130.62,599851.56,5000000.0,99654763778.89,3157651814.34,35.4026,0.01382,0.016506,81680406.4,49.75,2,2,2,0,-0.0,0.0,1946208.8,3080251.16,1310415,491334,1049222,449491,80.068,91.484,48182334.94,35746331.55,4862149.57,2944981.05
br=0.1_btcRN=100000_ethRN=100000_flow=50%_start=d105_adl=off_emOff,False,0.5,105,False,0.1,15000.0,1384615385.0,100000.0,0.1,15000.0,923076923.0,100000.0,0.01,1129370,935262,82.81,4999992.8,4611542485.56,59128147.01,725309.07,71421533.63,6568084.76,-64853448.87,11590265.02,6568084.76,833532.29,5000000.0,83688153547.84,2148008052.03,40.231,0.012822,0.015488,69191099.02,0.0,0,0,0,0,0.0,0,3087138.21,1935042.05,901369,228001,727865,207397,80.751,90.963,50583969.73,20837563.91,5311173.75,1256911.01
br=0.1_btcRN=100000_ethRN=100000_flow=50%_start=d105_adl=off_emOn,True,0.5,105,False,0.1,15000.0,1384615385.0,100000.0,0.1,15000.0,923076923.0,100000.0,0.01,1129370,935262,82.81,4999996.37,3720767101.3,41533737.1,523685.82,51599350.07,4541930.78,-47057419.29,9557311.79,4541930.78,833532.29,5000000.0,58259005125.31,2148008052.03,50.1987,0.011163,0.013868,49369380.11,0.0,0,0,0,0,0.0,0,3223308.0,1792073.01,901369,228001,727865,207397,80.751,90.963,36571165.92,15028184.14,3694599.21,847331.56
br=0.1_btcRN=100000_ethRN=100000_flow=50%_start=d105_adl=on_emOff,False,0.5,105,True,0.1,15000.0,1384615385.0,100000.0,0.1,15000.0,923076923.0,100000.0,0.01,1129370,935262,82.81,4999992.8,4611542485.56,59128107.27,725309.11,71421533.63,6568124.45,-64853409.18,11590304.81,6568124.45,833532.29,5000000.0,83688153547.84,2148008052.03,40.231,0.012822,0.015488,69191099.02,0.0,0,0,0,0,0.0,0,3087150.14,1935030.21,901369,228001,727865,207397,80.751,90.963,50583969.73,20837563.91,5311173.75,1256950.7
br=0.1_btcRN=100000_ethRN=100000_flow=50%_start=d105_adl=on_emOn,True,0.5,105,True,0.1,15000.0,1384615385.0,100000.0,0.1,15000.0,923076923.0,100000.0,0.01,1129370,935262,82.81,4999996.37,3720767101.3,41533711.78,523685.85,51599350.07,4541956.07,-47057394.0,9557337.14,4541956.07,833532.29,5000000.0,58259005125.31,2148008052.03,50.1987,0.011163,0.013868,49369380.11,0.0,0,0,0,0,0.0,0,3223315.28,1792065.78,901369,228001,727865,207397,80.751,90.963,36571165.92,15028184.14,3694599.21,847356.86
br=0.1_btcRN=100000_ethRN=100000_flow=50%_start=d112_adl=off_emOff,False,0.5,112,False,0.1,15000.0,1384615385.0,100000.0,0.1,15000.0,923076923.0,100000.0,0.01,1070146,883087,82.52,4999992.8,4448074870.47,55527696.94,684036.93,67364810.53,6153083.86,-61211726.67,11173854.3,6153083.86,1061050.25,5000000.0,78905485484.17,2148008052.03,42.0394,0.012484,0.015145,65077327.03,0.0,0,0,0,0,0.0,0,3137045.02,1883725.43,857148,212998,689762,193325,80.472,90.764,47670096.83,19694713.69,4932448.71,1220635.15
br=0.1_btcRN=100000_ethRN=100000_flow=50%_start=d112_adl=off_emOn,True,0.5,112,False,0.1,15000.0,1384615385.0,100000.0,0.1,15000.0,923076923.0,100000.0,0.01,1070146,883087,82.52,4999996.27,3611949298.77,39594063.85,501349.2,49405232.61,4309823.28,-45095409.33,9324413.31,4309823.28,1061050.25,5000000.0,55841353358.45,2148008052.03,51.5603,0.010962,0.013678,47118171.64,0.0,0,0,0,0,0.0,0,3247706.13,1766883.9,857148,212998,689762,193325,80.472,90.764,34955972.43,14449260.18,3463635.54,846187.74
br=0.1_btcRN=100000_ethRN=100000_flow=50%_start=d112_adl=on_emOff,False,0.5,112,True,0.1,15000.0,1384615385.0,100000.0,0.1,15000.0,923076923.0,100000.0,0.01,1070146,883087,82.52,4999992.8,4448074870.47,55527657.2,684036.97,67364810.53,6153123.55,-61211686.97,11173894.09,6153123.55,1061050.25,5000000.0,78905485484.17,2148008052.03,42.0394,0.012484,0.015145,65077327.03,0.0,0,0,0,0,0.0,0,3137056.95,1883713.58,857148,212998,689762,193325,80.472,90.764,47670096.83,19694713.69,4932448.71,1220674.85
br=0.1_btcRN=100000_ethRN=100000_flow=50%_start=d112_adl=on_emOn,True,0.5,112,True,0.1,15000.0,1384615385.0,100000.0,0.1,15000.0,923076923.0,100000.0,0.01,1070146,883087,82.52,4999996.27,3611949298.77,39594037.55,501349.23,49405232.61,4309849.55,-45095383.06,9324439.64,4309849.55,1061050.25,5000000.0,55841353358.45,2148008052.03,51.5603,0.010962,0.013678,47118171.64,0.0,0,0,0,0,0.0,0,3247713.68,1766876.41,857148,212998,689762,193325,80.472,90.764,34955972.43,14449260.18,3463635.54,846214.01
br=0.1_btcRN=100000_ethRN=100000_flow=50%_start=d119_adl=off_emOff,False,0.5,119,False,0.1,15000.0,1384615385.0,100000.0,0.1,15000.0,923076923.0,100000.0,0.01,1019752,838768,82.25,4999992.8,4282343987.44,52024342.49,644473.81,63470490.6,5801681.5,-57668809.1,10821212.11,5801681.5,389416.63,5000000.0,74419187186.93,2038736627.94,43.8789,0.012149,0.014821,61156321.16,0.0,0,0,0,0,0.0,0,3145006.83,1874523.79,818703,201049,656392,182376,80.175,90.712,44907284.72,18563205.88,4627557.57,1174123.93
br=0.1_btcRN=100000_ethRN=100000_flow=50%_start=d119_adl=off_emOn,True,0.5,119,False,0.1,15000.0,1384615385.0,100000.0,0.1,15000.0,923076923.0,100000.0,0.01,1019752,838768,82.25,4999996.17,3499676955.19,37626440.22,479279.72,47231958.14,4126242.02,-43105716.11,9140158.47,4126242.02,389416.63,5000000.0,53565509378.97,2038736627.94,52.9451,0.010751,0.013496,44918171.07,0.0,0,0,0,0,0.0,0,3243367.36,1770549.08,818703,201049,656392,182376,80.175,90.712,33391832.76,13840125.37,3292722.35,833519.67
br=0.1_btcRN=100000_ethRN=100000_flow=50%_start=d119_adl=on_emOff,False,0.5,119,True,0.1,15000.0,1384615385.0,100000.0,0.1,15000.0,923076923.0,100000.0,0.01,1019752,838768,82.25,4999992.8,4282343987.44,52024302.75,644473.86,63470490.6,5801721.2,-57668769.4,10821251.9,5801721.2,389416.63,5000000.0,74419187186.93,2038736627.94,43.8789,0.012149,0.014821,61156321.16,0.0,0,0,0,0,0.0,0,3145018.77,1874511.94,818703,201049,656392,182376,80.175,90.712,44907284.72,18563205.88,4627557.57,1174163.63
br=0.1_btcRN=100000_ethRN=100000_flow=50%_start=d119_adl=on_emOn,True,0.5,119,True,0.1,15000.0,1384615385.0,100000.0,0.1,15000.0,923076923.0,100000.0,0.01,1019752,838768,82.25,4999996.17,3499676955.19,37626412.9,479279.75,47231958.14,4126269.32,-43105688.82,9140185.83,4126269.32,389416.63,5000000.0,53565509378.97,2038736627.94,52.9451,0.010751,0.013496,44918171.07,0.0,0,0,0,0,0.0,0,3243375.19,1770541.32,818703,201049,656392,182376,80.175,90.712,33391832.76,13840125.37,3292722.35,833546.97
br=0.1_btcRN=100000_ethRN=100000_flow=50%_start=d126_adl=off_emOff,False,0.5,126,False,0.1,15000.0,1384615385.0,100000.0,0.1,15000.0,923076923.0,100000.0,0.01,969876,798534,82.33,4999992.8,4148218730.65,49383688.28,614190.02,60495169.82,5497298.72,-54997871.1,10515768.17,5497298.72,420213.76,5000000.0,71161291987.12,2038736627.94,45.3435,0.011905,0.014583,58206577.45,0.0,0,0,0,0,0.0,0,3022849.91,1995619.54,781530,188346,626686,171848,80.187,91.241,42737954.04,17757215.78,4371894.59,1125404.13
br=0.1_btcRN=100000_ethRN=100000_flow=50%_start=d126_adl=off_emOn,True,0.5,126,False,0.1,15000.0,1384615385.0,100000.0,0.1,15000.0,923076923.0,100000.0,0.01,969876,798534,82.33,4999996.09,3406602201.11,36110071.95,461774.73,45514194.74,3942351.96,-41571842.78,8955613.62,3942351.96,420213.76,5000000.0,51940800436.91,2038736627.94,54.0486,0.0106,0.013361,43225955.07,0.0,0,0,0,0,0.0,0,3113174.55,1900087.12,781530,188346,626686,171848,80.187,91.241,32096089.4,13418105.33,3132203.54,810148.41
br=0.1_btcRN=100000_ethRN=100000_flow=50%_start=d126_adl=on_emOff,False,0.5,126,True,0.1,15000.0,1384615385.0,100000.0,0.1,15000.0,923076923.0,100000.0,0.01,969876,798534,82.33,4999992.8,4148218730.65,49383648.53,614190.07,60495169.82,5497338.41,-54997831.4,10515807.95,5497338.41,420213.76,5000000.0,71161291987.12,2038736627.94,45.3435,0.011905,0.014583,58206577.45,0.0,0,0,0,0,0.0,0,3022861.85,1995607.7,781530,188346,626686,171848,80.187,91.241,42737954.04,17757215.78,4371894.59,1125443.83
br=0.1_btcRN=100000_ethRN=100000_flow=50%_start=d126_adl=on_emOn,True,0.5,126,True,0.1,15000.0,1384615385.0,100000.0,0.1,15000.0,923076923.0,100000.0,0.01,969876,798534,82.33,4999996.09,3406602201.11,36110043.78,461774.76,45514194.74,3942380.1,-41571814.64,8955641.82,3942380.1,420213.76,5000000.0,51940800436.91,2038736627.94,54.0486,0.0106,0.013361,43225955.07,0.0,0,0,0,0,0.0,0,3113182.59,1900079.13,781530,188346,626686,171848,80.187,91.241,32096089.4,13418105.33,3132203.54,810176.55
br=0.1_btcRN=100000_ethRN=100000_flow=50%_start=d133_adl=off_emOff,False,0.5,133,False,0.1,15000.0,1384615385.0,100000.0,0.1,15000.0,923076923.0,100000.0,0.01,928428,763037,82.19,4999992.8,4003493441.23,46687733.67,583358.06,57460814.48,5189729.95,-52271084.53,10207222.58,5189729.95,324257.78,5000000.0,67628111089.32,2038736627.94,46.88,0.011662,0.014353,55261839.83,0.0,0,0,0,0,0.0,0,2980459.46,2037033.17,751581,176847,601806,161231,80.072,91.17,40649840.06,16810974.42,4105092.63,1084637.32
br=0.1_btcRN=100000_ethRN=100000_flow=50%_start=d133_adl=off_emOn,True,0.5,133,False,0.1,15000.0,1384615385.0,100000.0,0.1,15000.0,923076923.0,100000.0,0.01,928428,763037,82.19,4999996.01,3303555691.7,34506392.41,443364.41,43702145.37,3752392.54,-39949752.82,8765074.46,3752392.54,324257.78,5000000.0,50004793223.7,2038736627.94,55.2076,0.010445,0.013229,41503494.24,0.0,0,0,0,0,0.0,0,3076917.43,1935764.48,751581,176847,601806,161231,80.072,91.17,30861087.94,12841057.43,2957773.42,794619.12
br=0.1_btcRN=100000_ethRN=100000_flow=50%_start=d133_adl=on_emOff,False,0.5,133,True,0.1,15000.0,1384615385.0,100000.0,0.1,15000.0,923076923.0,100000.0,0.01,928428,763037,82.19,4999992.8,4003493441.23,46687693.92,583358.11,57460814.48,5189769.65,-52271044.83,10207262.37,5189769.65,324257.78,5000000.0,67628111089.32,2038736627.94,46.88,0.011662,0.014353,55261839.83,0.0,0,0,0,0,0.0,0,2980471.4,2037021.33,751581,176847,601806,161231,80.072,91.17,40649840.06,16810974.42,4105092.63,1084677.02
br=0.1_btcRN=100000_ethRN=100000_flow=50%_start=d133_adl=on_emOn,True,0.5,133,True,0.1,15000.0,1384615385.0,100000.0,0.1,15000.0,923076923.0,100000.0,0.01,928428,763037,82.19,4999996.01,3303555691.7,34506363.34,443364.44,43702145.37,3752421.58,-39949723.79,8765103.56,3752421.58,324257.78,5000000.0,50004793223.7,2038736627.94,55.2076,0.010445,0.013229,41503494.24,0.0,0,0,0,0,0.0,0,3076925.72,1935756.26,751581,176847,601806,161231,80.072,91.17,30861087.94,12841057.43,2957773.42,794648.16
br=0.1_btcRN=100000_ethRN=100000_flow=50%_start=d140_adl=off_emOff,False,0.5,140,False,0.1,15000.0,1384615385.0,100000.0,0.1,15000.0,923076923.0,100000.0,0.01,888772,728460,81.96,4999992.8,3866739558.87,44068173.21,554499.63,54610710.67,4988045.03,-49622665.64,10004822.88,4988045.03,420068.76,5000000.0,64338192429.55,2038736627.94,48.4325,0.011397,0.014123,52429924.52,0.0,0,0,0,0,0.0,0,2989911.04,2026866.8,722839,165933,577233,151227,79.856,91.137,38734705.01,15876005.65,3958039.54,1030005.5
br=0.1_btcRN=100000_ethRN=100000_flow=50%_start=d140_adl=off_emOn,True,0.5,140,False,0.1,15000.0,1384615385.0,100000.0,0.1,15000.0,923076923.0,100000.0,0.01,888772,728460,81.96,4999995.92,3207599382.37,32906608.54,426141.24,41996546.04,3663800.34,-38332745.7,8676147.82,3663800.34,420068.76,5000000.0,48214270218.95,2038736627.94,56.3796,0.010259,0.013093,39816054.96,0.0,0,0,0,0,0.0,0,3074941.41,1937406.07,722839,165933,577233,151227,79.856,91.137,29749724.35,12246821.69,2899941.1,763859.25
br=0.1_btcRN=100000_ethRN=100000_flow=50%_start=d140_adl=on_emOff,False,0.5,140,True,0.1,15000.0,1384615385.0,100000.0,0.1,15000.0,923076923.0,100000.0,0.01,888772,728460,81.96,4999992.8,3866739558.87,44068133.46,554499.68,54610710.67,4988084.73,-49622625.94,10004862.67,4988084.73,420068.76,5000000.0,64338192429.55,2038736627.94,48.4325,0.011397,0.014123,52429924.52,0.0,0,0,0,0,0.0,0,2989922.98,2026854.96,722839,165933,577233,151227,79.856,91.137,38734705.01,15876005.65,3958039.54,1030045.19
br=0.1_btcRN=100000_ethRN=100000_flow=50%_start=d140_adl=on_emOn,True,0.5,140,True,0.1,15000.0,1384615385.0,100000.0,0.1,15000.0,923076923.0,100000.0,0.01,888772,728460,81.96,4999995.92,3207599382.37,32906578.53,426141.27,41996546.04,3663830.32,-38332715.73,8676177.87,3663830.32,420068.76,5000000.0,48214270218.95,2038736627.94,56.3796,0.010259,0.013093,39816054.96,0.0,0,0,0,0,0.0,0,3074949.94,1937397.61,722839,165933,577233,151227,79.856,91.137,29749724.35,12246821.69,2899941.1,763889.22
br=0.1_btcRN=100000_ethRN=100000_flow=50%_start=d147_adl=off_emOff,False,0.5,147,False,0.1,15000.0,1384615385.0,100000.0,0.1,15000.0,923076923.0,100000.0,0.01,861459,705715,81.92,4999992.8,3782334361.92,42251680.14,534832.73,52665181.76,4878676.09,-47786505.67,9895030.71,4878676.09,259956.57,5000000.0,61863633407.31,2038736627.94,49.6701,0.011171,0.013924,50268238.11,0.0,0,0,0,0,0.0,0,3163218.87,1853135.75,701680,159779,560074,145641,79.819,91.152,37498289.46,15166892.3,3865888.96,1012787.12
br=0.1_btcRN=100000_ethRN=100000_flow=50%_start=d147_adl=off_emOn,True,0.5,147,False,0.1,15000.0,1384615385.0,100000.0,0.1,15000.0,923076923.0,100000.0,0.01,861459,705715,81.92,4999995.86,3154891911.3,31853688.1,415154.25,40905170.12,3636331.91,-37268838.21,8648532.87,3636331.91,259956.57,5000000.0,46854555076.55,2038736627.94,57.3136,0.010097,0.012966,38508501.15,0.0,0,0,0,0,0.0,0,3228081.03,1784119.92,701680,159779,560074,145641,79.819,91.152,29116712.91,11788457.21,2872193.97,764137.94
br=0.1_btcRN=100000_ethRN=100000_flow=50%_start=d147_adl=on_emOff,False,0.5,147,True,0.1,15000.0,1384615385.0,100000.0,0.1,15000.0,923076923.0,100000.0,0.01,861459,705715,81.92,4999992.8,3782334361.92,42251640.4,534832.78,52665181.76,4878715.79,-47786465.97,9895070.5,4878715.79,259956.57,5000000.0,61863633407.31,2038736627.94,49.6701,0.011171,0.013924,50268238.11,0.0,0,0,0,0,0.0,0,3163230.81,1853123.91,701680,159779,560074,145641,79.819,91.152,37498289.46,15166892.3,3865888.96,1012826.82
br=0.1_btcRN=100000_ethRN=100000_flow=50%_start=d147_adl=on_emOn,True,0.5,147,True,0.1,15000.0,1384615385.0,100000.0,0.1,15000.0,923076923.0,100000.0,0.01,861459,705715,81.92,4999995.86,3154891911.3,31853657.33,415154.29,40905170.12,3636362.65,-37268807.48,8648563.67,3636362.65,259956.57,5000000.0,46854555076.55,2038736627.94,57.3136,0.010097,0.012966,38508501.15,0.0,0,0,0,0,0.0,0,3228089.77,1784111.26,701680,159779,560074,145641,79.819,91.152,29116712.91,11788457.21,2872193.97,764168.68
br=0.1_btcRN=100000_ethRN=100000_flow=50%_start=d14_adl=off_emOff,False,0.5,14,False,0.1,15000.0,1384615385.0,100000.0,0.1,15000.0,923076923.0,100000.0,0.01,1725237,1431340,82.96,4999992.8,6438958664.23,111650414.57,1328687.89,130713906.95,12734811.7,-117979095.26,17777899.26,12734811.7,834997.45,5000000.0,161141770405.46,3113874438.65,23.3501,0.01734,0.0203,128334396.99,2.88,1,1,1,0,0.0,0.0,1196288.22,3846799.34,1276155,449082,1021191,410149,80.021,91.331,81537157.57,49176749.39,8593720.79,4141090.91
br=0.1_btcRN=100000_ethRN=100000_flow=50%_start=d14_adl=off_emOn,True,0.5,14,False,0.1,15000.0,1384615385.0,100000.0,0.1,15000.0,923076923.0,100000.0,0.01,1725237,1431340,82.96,4999997.33,4937191695.99,66328015.58,808952.74,79627622.81,7490657.16,-72136965.64,12516004.63,7490657.16,834997.45,5000000.0,94202098235.97,3113874438.65,37.011,0.013434,0.016128,77249469.84,2.88,1,1,1,0,0.0,0.0,1419962.08,3605385.39,1276155,449082,1021191,410149,80.021,91.331,47203594.37,32424028.43,4727221.07,2763436.09
br=0.1_btcRN=100000_ethRN=100000_flow=50%_start=d14_adl=on_emOff,False,0.5,14,True,0.1,15000.0,1384615385.0,100000.0,0.1,15000.0,923076923.0,100000.0,0.01,1725237,1431340,82.96,4999992.8,6438958664.23,111599988.38,1328745.03,130713906.95,12785180.75,-117928726.21,17828382.59,12785180.75,834997.45,5000000.0,161141770405.46,3113874438.65,23.3501,0.017332,0.0203,128334396.99,2.88,1,1,1,0,0.0,0.0,1183789.69,3859412.16,1276155,449082,1021191,410149,80.021,91.331,81537157.57,49176749.39,8638303.83,4146876.92
br=0.1_btcRN=100000_ethRN=100000_flow=50%_start=d14_adl=on_emOn,True,0.5,14,True,0.1,15000.0,1384615385.0,100000.0,0.1,15000.0,923076923.0,100000.0,0.01,1725237,1431340,82.96,4999997.33,4937191695.99,66295318.36,808989.79,79627622.81,7523317.32,-72104305.48,12548738.9,7523317.32,834997.45,5000000.0,94202098235.97,3113874438.65,37.011,0.013428,0.016128,77249469.84,2.88,1,1,1,0,0.0,0.0,1411852.22,3613569.35,1276155,449082,1021191,410149,80.021,91.331,47203594.37,32424028.43,4756136.97,2767180.36
br=0.1_btcRN=100000_ethRN=100000_flow=50%_start=d154_adl=off_emOff,False,0.5,154,False,0.1,15000.0,1384615385.0,100000.0,0.1,15000.0,923076923.0,100000.0,0.01,838944,687809,81.99,4999992.8,3698530162.35,40943318.7,518905.72,51111204.5,4648987.28,-46462217.22,9661804.69,4648987.28,378093.09,5000000.0,60029141719.08,2038736627.94,50.5177,0.01107,0.013819,48833833.98,2723.43,6,6,6,0,0.0,0.0,3231600.29,1781217.12,683798,155146,546140,141669,79.869,91.313,36428749.67,14682454.82,3688722.88,960264.4
br=0.1_btcRN=100000_ethRN=100000_flow=50%_start=d154_adl=off_emOn,True,0.5,154,False,0.1,15000.0,1384615385.0,100000.0,0.1,15000.0,923076923.0,100000.0,0.01,838944,687809,81.99,4999995.81,3092292238.93,31042859.39,404871.92,39906811.6,3459084.48,-36447727.12,8467925.15,3459084.48,378093.09,5000000.0,45739367858.63,2038736627.94,57.9544,0.010039,0.012905,37629703.69,2723.43,6,6,6,0,0.0,0.0,3299791.64,1709049.04,683798,155146,546140,141669,79.869,91.313,28441254.75,11465556.85,2736222.0,722862.48
br=0.1_btcRN=100000_ethRN=100000_flow=50%_start=d154_adl=on_emOff,False,0.5,154,True,0.1,15000.0,1384615385.0,100000.0,0.1,15000.0,923076923.0,100000.0,0.01,838944,687809,81.99,4999992.8,3698530162.35,40943278.96,518905.77,51111204.5,4649026.98,-46462177.52,9661844.48,4649026.98,378093.09,5000000.0,60029141719.08,2038736627.94,50.5177,0.01107,0.013819,48833833.98,2723.43,6,6,6,0,0.0,0.0,3231612.23,1781205.27,683798,155146,546140,141669,79.869,91.313,36428749.67,14682454.82,3688722.88,960304.1
br=0.1_btcRN=100000_ethRN=100000_flow=50%_start=d154_adl=on_emOn,True,0.5,154,True,0.1,15000.0,1384615385.0,100000.0,0.1,15000.0,923076923.0,100000.0,0.01,838944,687809,81.99,4999995.81,3092292238.93,31042828.09,404871.95,39906811.6,3459115.75,-36447695.85,8467956.49,3459115.75,378093.09,5000000.0,45739367858.63,2038736627.94,57.9544,0.010039,0.012905,37629703.69,2723.43,6,6,6,0,0.0,0.0,3299800.51,1709040.23,683798,155146,546140,141669,79.869,91.313,28441254.75,11465556.85,2736222.0,722893.75
br=0.1_btcRN=100000_ethRN=100000_flow=50%_start=d161_adl=off_emOff,False,0.5,161,False,0.1,15000.0,1384615385.0,100000.0,0.1,15000.0,923076923.0,100000.0,0.01,805004,659237,81.89,4999992.8,3562175223.67,38597208.21,492234.3,48483546.98,4394111.67,-44089435.31,9408902.13,4394111.67,316537.61,5000000.0,56351742851.76,2038736627.94,52.1077,0.010835,0.013611,46238005.93,0.0,0,0,0,0,0.0,0,3038646.38,1976144.08,657193,147811,524164,135073,79.758,91.382,34633710.26,13849836.72,3482878.36,911233.31
br=0.1_btcRN=100000_ethRN=100000_flow=50%_start=d161_adl=off_emOn,True,0.5,161,False,0.1,15000.0,1384615385.0,100000.0,0.1,15000.0,923076923.0,100000.0,0.01,805004,659237,81.89,4999995.72,2994652240.76,29576011.65,388182.33,38261646.44,3297456.73,-34964189.71,8308584.19,3297456.73,316537.61,5000000.0,43326593416.45,2038736627.94,59.1592,0.009876,0.012777,36016346.96,0.0,0,0,0,0,0.0,0,3098314.83,1912812.63,657193,147811,524164,135073,79.758,91.382,27343260.04,10918386.4,2603881.54,693575.19
br=0.1_btcRN=100000_ethRN=100000_flow=50%_start=d161_adl=on_emOff,False,0.5,161,True,0.1,15000.0,1384615385.0,100000.0,0.1,15000.0,923076923.0,100000.0,0.01,805004,659237,81.89,4999992.8,3562175223.67,38597168.47,492234.35,48483546.98,4394151.37,-44089395.61,9408941.92,4394151.37,316537.61,5000000.0,56351742851.76,2038736627.94,52.1077,0.010835,0.013611,46238005.93,0.0,0,0,0,0,0.0,0,3038658.32,1976132.24,657193,147811,524164,135073,79.758,91.382,34633710.26,13849836.72,3482878.36,911273.01
br=0.1_btcRN=100000_ethRN=100000_flow=50%_start=d161_adl=on_emOn,True,0.5,161,True,0.1,15000.0,1384615385.0,100000.0,0.1,15000.0,923076923.0,100000.0,0.01,805004,659237,81.89,4999995.72,2994652240.76,29575979.33,388182.37,38261646.44,3297489.02,-34964157.42,8308616.55,3297489.02,316537.61,5000000.0,43326593416.45,2038736627.94,59.1592,0.009876,0.012777,36016346.96,0.0,0,0,0,0,0.0,0,3098323.97,1912803.57,657193,147811,524164,135073,79.758,91.382,27343260.04,10918386.4,2603881.54,693607.48
br=0.1_btcRN=100000_ethRN=100000_flow=50%_start=d168_adl=off_emOff,False,0.5,168,False,0.1,15000.0,1384615385.0,100000.0,0.1,15000.0,923076923.0,100000.0,0.01,773789,632614,81.76,4999992.8,3444482037.2,36520002.81,468755.3,46173112.38,4184361.47,-41988750.91,9198402.63,4184361.47,259096.36,5000000.0,53781604161.9,2038736627.94,53.6488,0.010602,0.013405,43832923.07,0.0,0,0,0,0,0.0,0,2870806.31,2143234.85,632402,141387,503370,129244,79.597,91.412,33000589.59,13172522.79,3329299.38,855062.09
br=0.1_btcRN=100000_ethRN=100000_flow=50%_start=d168_adl=off_emOn,True,0.5,168,False,0.1,15000.0,1384615385.0,100000.0,0.1,15000.0,923076923.0,100000.0,0.01,773789,632614,81.76,4999995.64,2912920799.06,28287147.52,373624.81,36829770.96,3169002.99,-33660767.97,8179652.83,3169002.99,259096.36,5000000.0,41893754724.15,2038736627.94,60.3341,0.009711,0.012644,34489805.41,0.0,0,0,0,0,0.0,0,2935085.48,2075564.36,632402,141387,503370,129244,79.597,91.412,26332938.22,10496832.75,2514621.37,654381.62
br=0.1_btcRN=100000_ethRN=100000_flow=50%_start=d168_adl=on_emOff,False,0.5,168,True,0.1,15000.0,1384615385.0,100000.0,0.1,15000.0,923076923.0,100000.0,0.01,773789,632614,81.76,4999992.8,3444482037.2,36519963.07,468755.35,46173112.38,4184401.17,-41988711.22,9198442.42,4184401.17,259096.36,5000000.0,53781604161.9,2038736627.94,53.6488,0.010602,0.013405,43832923.07,0.0,0,0,0,0,0.0,0,2870818.25,2143223.0,632402,141387,503370,129244,79.597,91.412,33000589.59,13172522.79,3329299.38,855101.78
br=0.1_btcRN=100000_ethRN=100000_flow=50%_start=d168_adl=on_emOn,True,0.5,168,True,0.1,15000.0,1384615385.0,100000.0,0.1,15000.0,923076923.0,100000.0,0.01,773789,632614,81.76,4999995.64,2912920799.06,28287114.18,373624.85,36829770.96,3169036.3,-33660734.66,8179686.22,3169036.3,259096.36,5000000.0,41893754724.15,2038736627.94,60.3341,0.009711,0.012644,34489805.41,0.0,0,0,0,0,0.0,0,2935094.89,2075555.03,632402,141387,503370,129244,79.597,91.412,26332938.22,10496832.75,2514621.37,654414.93
br=0.1_btcRN=100000_ethRN=100000_flow=50%_start=d175_adl=off_emOff,False,0.5,175,False,0.1,15000.0,1384615385.0,100000.0,0.1,15000.0,923076923.0,100000.0,0.01,738316,604708,81.9,4999992.8,3295523606.06,34171735.61,441298.43,43480271.01,3867244.18,-39613026.84,8880228.41,3867244.18,439367.67,5000000.0,50480883588.09,1988949907.97,55.4247,0.010369,0.013194,41186869.07,0.0,0,0,0,0,0.0,0,2799323.17,2213661.07,604326,133990,482220,122488,79.795,91.416,31191139.1,12289131.91,3095486.91,771757.26
br=0.1_btcRN=100000_ethRN=100000_flow=50%_start=d175_adl=off_emOn,True,0.5,175,False,0.1,15000.0,1384615385.0,100000.0,0.1,15000.0,923076923.0,100000.0,0.01,738316,604708,81.9,4999995.54,2804105914.65,26784412.42,355698.71,35075944.13,2935837.46,-32140106.67,7945711.54,2935837.46,439367.67,5000000.0,39796767868.01,1988949907.97,61.6899,0.009552,0.012509,32782748.52,0.0,0,0,0,0,0.0,0,2856699.01,2153175.07,604326,133990,482220,122488,79.795,91.416,25194439.02,9881505.1,2347463.05,588374.41
br=0.1_btcRN=100000_ethRN=100000_flow=50%_start=d175_adl=on_emOff,False,0.5,175,True,0.1,15000.0,1384615385.0,100000.0,0.1,15000.0,923076923.0,100000.0,0.01,738316,604708,81.9,4999992.8,3295523606.06,34171695.87,441298.47,43480271.01,3867283.87,-39612987.14,8880268.2,3867283.87,439367.67,5000000.0,50480883588.09,1988949907.97,55.4247,0.010369,0.013194,41186869.07,0.0,0,0,0,0,0.0,0,2799335.1,2213649.23,604326,133990,482220,122488,79.795,91.416,31191139.1,12289131.91,3095486.91,771796.96
br=0.1_btcRN=100000_ethRN=100000_flow=50%_start=d175_adl=on_emOn,True,0.5,175,True,0.1,15000.0,1384615385.0,100000.0,0.1,15000.0,923076923.0,100000.0,0.01,738316,604708,81.9,4999995.54,2804105914.65,26784377.86,355698.75,35075944.13,2935871.98,-32140072.14,7945746.14,2935871.98,439367.67,5000000.0,39796767868.01,1988949907.97,61.6899,0.009552,0.012509,32782748.52,0.0,0,0,0,0,0.0,0,2856708.73,2153165.43,604326,133990,482220,122488,79.795,91.416,25194439.02,9881505.1,2347463.05,588408.93
br=0.1_btcRN=100000_ethRN=100000_flow=50%_start=d182_adl=off_emOff,False,0.5,182,False,0.1,15000.0,1384615385.0,100000.0,0.1,15000.0,923076923.0,100000.0,0.01,706549,577718,81.77,4999992.8,3125743542.85,31560264.77,411711.51,40566997.26,3595028.19,-36971969.08,8607104.06,3595028.19,660958.09,5000000.0,46492089633.29,1988949907.97,57.3926,0.010097,0.012978,38399250.99,0.0,0,0,0,0,0.0,0,3335935.03,1676140.84,579649,126900,461700,116018,79.652,91.425,29478304.21,11088693.05,2852701.8,742326.39
br=0.1_btcRN=100000_ethRN=100000_flow=50%_start=d182_adl=off_emOn,True,0.5,182,False,0.1,15000.0,1384615385.0,100000.0,0.1,15000.0,923076923.0,100000.0,0.01,706549,577718,81.77,4999995.43,2676778401.33,25028683.42,335749.82,33112263.17,2747834.5,-30364428.67,7757084.3,2747834.5,660958.09,5000000.0,37000465630.6,1988949907.97,63.2014,0.00935,0.01237,30944706.0,0.0,0,0,0,0,0.0,0,3391730.02,1617519.79,579649,126900,461700,116018,79.652,91.425,24166571.07,8945692.1,2170893.38,576941.12
br=0.1_btcRN=100000_ethRN=100000_flow=50%_start=d182_adl=on_emOff,False,0.5,182,True,0.1,15000.0,1384615385.0,100000.0,0.1,15000.0,923076923.0,100000.0,0.01,706549,577718,81.77,4999992.8,3125743542.85,31560225.02,411711.56,40566997.26,3595067.88,-36971929.38,8607143.85,3595067.88,660958.09,5000000.0,46492089633.29,1988949907.97,57.3926,0.010097,0.012978,38399250.99,0.0,0,0,0,0,0.0,0,3335946.97,1676129.0,579649,126900,461700,116018,79.652,91.425,29478304.21,11088693.05,2852701.8,742366.08
br=0.1_btcRN=100000_ethRN=100000_flow=50%_start=d182_adl=on_emOn,True,0.5,182,True,0.1,15000.0,1384615385.0,100000.0,0.1,15000.0,923076923.0,100000.0,0.01,706549,577718,81.77,4999995.43,2676778401.33,25028647.46,335749.86,33112263.17,2747870.42,-30364392.75,7757120.31,2747870.42,660958.09,5000000.0,37000465630.6,1988949907.97,63.2014,0.00935,0.01237,30944706.0,0.0,0,0,0,0,0.0,0,3391740.1,1617509.79,579649,126900,461700,116018,79.652,91.425,24166571.07,8945692.1,2170893.38,576977.04
br=0.1_btcRN=100000_ethRN=100000_flow=50%_start=d189_adl=off_emOff,False,0.5,189,False,0.1,15000.0,1384615385.0,100000.0,0.1,15000.0,923076923.0,100000.0,0.01,635513,510911,80.39,4999992.8,2828960399.32,26913838.09,361256.95,35567676.44,3292588.6,-32275087.85,8303741.77,3292588.6,888239.82,5000000.0,40911662652.43,1843528748.53,61.184,0.009514,0.012573,33413093.87,0.0,0,0,0,0,0.0,0,3588884.95,1422268.22,525035,110478,410691,100220,78.222,90.715,25995279.73,9572396.71,2645974.07,646614.53
br=0.1_btcRN=100000_ethRN=100000_flow=50%_start=d189_adl=off_emOn,True,0.5,189,False,0.1,15000.0,1384615385.0,100000.0,0.1,15000.0,923076923.0,100000.0,0.01,635513,510911,80.39,4999995.21,2455732801.4,21806103.27,301425.08,29700709.26,2593185.7,-27107523.56,7602016.89,2593185.7,888239.82,5000000.0,33440023360.2,1843528748.53,66.1464,0.00888,0.012094,27546284.67,0.0,0,0,0,0,0.0,0,3640891.62,1367939.57,525035,110478,410691,100220,78.222,90.715,21826484.74,7874224.52,2082161.84,511023.86
br=0.1_btcRN=100000_ethRN=100000_flow=50%_start=d189_adl=on_emOff,False,0.5,189,True,0.1,15000.0,1384615385.0,100000.0,0.1,15000.0,923076923.0,100000.0,0.01,635513,510911,80.39,4999992.8,2828961480.5,26913798.35,361257.0,35567676.44,3292628.29,-32275048.15,8303781.56,3292628.29,888239.82,5000000.0,40911662652.43,1843528748.53,61.184,0.009514,0.012573,33413066.02,0.0,0,0,0,0,0.0,0,3588924.74,1422228.53,525035,110478,410691,100220,78.222,90.715,25995279.73,9572396.71,2645974.07,646654.23
br=0.1_btcRN=100000_ethRN=100000_flow=50%_start=d189_adl=on_emOn,True,0.5,189,True,0.1,15000.0,1384615385.0,100000.0,0.1,15000.0,923076923.0,100000.0,0.01,635513,510911,80.39,4999995.21,2455734301.72,21806072.17,301425.21,29700717.69,2593225.09,-27107492.59,7602056.37,2593225.09,888239.82,5000000.0,33440034189.54,1843528748.53,66.1464,0.00888,0.012094,27546265.25,0.0,0,0,0,0,0.0,0,3640929.96,1367901.32,525035,110478,410691,100220,78.222,90.715,21826490.78,7874226.91,2082162.49,511062.6
br=0.1_btcRN=100000_ethRN=100000_flow=50%_start=d196_adl=off_emOff,False,0.5,196,False,0.1,15000.0,1384615385.0,100000.0,0.1,15000.0,923076923.0,100000.0,0.01,578693,458136,79.17,4999992.8,2616609695.27,23725060.3,326955.03,32168379.56,3116371.44,-29052008.12,8126906.7,3116371.44,254986.67,5000000.0,37116011460.7,1473425502.91,63.9964,0.009067,0.012294,30004276.13,0.0,0,0,0,0,0.0,0,3590736.17,1419799.09,478970,99723,368045,90091,76.841,90.341,23370491.05,8797888.52,2502541.45,613829.99
br=0.1_btcRN=100000_ethRN=100000_flow=50%_start=d196_adl=off_emOn,True,0.5,196,False,0.1,15000.0,1384615385.0,100000.0,0.1,15000.0,923076923.0,100000.0,0.01,578693,458136,79.17,4999995.05,2295092729.6,19511843.42,277351.08,27307066.79,2517877.23,-24789189.56,7526433.12,2517877.23,254986.67,5000000.0,30939219324.0,1473425502.91,68.3549,0.008502,0.011898,25143099.14,0.0,0,0,0,0,0.0,0,3630680.2,1377875.68,478970,99723,368045,90091,76.841,90.341,19919449.84,7387616.96,2019481.54,498395.69
br=0.1_btcRN=100000_ethRN=100000_flow=50%_start=d196_adl=on_emOff,False,0.5,196,True,0.1,15000.0,1384615385.0,100000.0,0.1,15000.0,923076923.0,100000.0,0.01,578693,458136,79.17,4999992.8,2616609695.27,23725048.38,326955.04,32168379.56,3116383.35,-29051996.22,8126918.63,3116383.35,254986.67,5000000.0,37116011460.7,1473425502.91,63.9964,0.009067,0.012294,30004276.13,0.0,0,0,0,0,0.0,0,3590748.11,1419787.18,478970,99723,368045,90091,76.841,90.341,23370491.05,8797888.52,2502541.45,613841.9
br=0.1_btcRN=100000_ethRN=100000_flow=50%_start=d196_adl=on_emOn,True,0.5,196,True,0.1,15000.0,1384615385.0,100000.0,0.1,15000.0,923076923.0,100000.0,0.01,578693,458136,79.17,4999995.05,2295092729.6,19511832.05,277351.1,27307066.79,2517888.59,-24789178.2,7526444.5,2517888.59,254986.67,5000000.0,30939219324.0,1473425502.91,68.3549,0.008502,0.011898,25143099.14,0.0,0,0,0,0,0.0,0,3630691.59,1377864.32,478970,99723,368045,90091,76.841,90.341,19919449.84,7387616.96,2019481.54,498407.05
br=0.1_btcRN=100000_ethRN=100000_flow=50%_start=d203_adl=off_emOff,False,0.5,203,False,0.1,15000.0,1384615385.0,100000.0,0.1,15000.0,923076923.0,100000.0,0.01,542746,426966,78.67,4999992.8,2498482817.56,22013090.7,308359.64,30330377.35,3008934.21,-27321443.14,8019038.74,3008934.21,333095.82,5000000.0,34897640931.01,1473425502.91,65.6185,0.008811,0.01214,28138514.89,0.0,0,0,0,0,0.0,0,3647265.46,1362839.07,450138,92608,343270,83696,76.259,90.377,22027606.86,8302770.49,2417776.12,591158.09
br=0.1_btcRN=100000_ethRN=100000_flow=50%_start=d203_adl=off_emOn,True,0.5,203,False,0.1,15000.0,1384615385.0,100000.0,0.1,15000.0,923076923.0,100000.0,0.01,542746,426966,78.67,4999994.96,2205219772.48,18263067.45,264075.68,25991926.11,2464788.02,-23527138.08,7473095.82,2464788.02,333095.82,5000000.0,29381248966.38,1473425502.91,69.6376,0.008282,0.011787,23800187.85,0.0,0,0,0,0,0.0,0,3694783.86,1313523.94,450138,92608,343270,83696,76.259,90.377,18948448.96,7043477.15,1977936.83,486851.19
br=0.1_btcRN=100000_ethRN=100000_flow=50%_start=d203_adl=on_emOff,False,0.5,203,True,0.1,15000.0,1384615385.0,100000.0,0.1,15000.0,923076923.0,100000.0,0.01,542746,426966,78.67,4999992.8,2498482817.56,22013078.78,308359.65,30330377.35,3008946.12,-27321431.23,8019050.68,3008946.12,333095.82,5000000.0,34897640931.01,1473425502.91,65.6185,0.008811,0.01214,28138514.89,0.0,0,0,0,0,0.0,0,3647277.39,1362827.16,450138,92608,343270,83696,76.259,90.377,22027606.86,8302770.49,2417776.12,591170.0
br=0.1_btcRN=100000_ethRN=100000_flow=50%_start=d203_adl=on_emOn,True,0.5,203,True,0.1,15000.0,1384615385.0,100000.0,0.1,15000.0,923076923.0,100000.0,0.01,542746,426966,78.67,4999994.96,2205219772.48,18263055.73,264075.69,25991926.11,2464799.73,-23527126.38,7473107.55,2464799.73,333095.82,5000000.0,29381248966.38,1473425502.91,69.6376,0.008282,0.011787,23800187.85,0.0,0,0,0,0,0.0,0,3694795.59,1313512.24,450138,92608,343270,83696,76.259,90.377,18948448.96,7043477.15,1977936.83,486862.89
br=0.1_btcRN=100000_ethRN=100000_flow=50%_start=d210_adl=off_emOff,False,0.5,210,False,0.1,15000.0,1384615385.0,100000.0,0.1,15000.0,923076923.0,100000.0,0.01,499997,390381,78.08,4999992.8,2339412125.75,19781734.03,284034.74,27923116.81,2857355.24,-25065761.57,7866955.18,2857355.24,223754.99,5000000.0,31872191714.79,1473425502.91,67.8476,0.008456,0.011936,25684756.57,0.0,0,0,0,0,0.0,0,3631801.87,1377798.07,414902,85095,313558,76823,75.574,90.279,20182125.8,7740991.02,2292048.01,565307.24
br=0.1_btcRN=100000_ethRN=100000_flow=50%_start=d210_adl=off_emOn,True,0.5,210,False,0.1,15000.0,1384615385.0,100000.0,0.1,15000.0,923076923.0,100000.0,0.01,499997,390381,78.08,4999994.83,2082821026.21,16607863.57,246389.28,24236822.58,2382574.9,-21854247.68,7390611.84,2382574.9,223754.99,5000000.0,27178784722.54,1473425502.91,71.4158,0.007974,0.011637,21998571.1,0.0,0,0,0,0,0.0,0,3672475.83,1335561.12,414902,85095,313558,76823,75.574,90.279,17564230.31,6672592.27,1907447.58,475127.32
br=0.1_btcRN=100000_ethRN=100000_flow=50%_start=d210_adl=on_emOff,False,0.5,210,True,0.1,15000.0,1384615385.0,100000.0,0.1,15000.0,923076923.0,100000.0,0.01,499997,390381,78.08,4999992.8,2339412507.41,19781722.11,284034.75,27923116.81,2857367.15,-25065749.66,7866967.12,2857367.15,223754.99,5000000.0,31872191714.79,1473425502.91,67.8476,0.008456,0.011936,25684744.7,0.0,0,0,0,0,0.0,0,3631813.8,1377786.16,414902,85095,313558,76823,75.574,90.279,20182125.8,7740991.02,2292048.01,565319.15
br=0.1_btcRN=100000_ethRN=100000_flow=50%_start=d210_adl=on_emOn,True,0.5,210,True,0.1,15000.0,1384615385.0,100000.0,0.1,15000.0,923076923.0,100000.0,0.01,499997,390381,78.08,4999994.83,2082821582.01,16607854.34,246389.33,24236825.61,2382587.12,-21854238.49,7390624.09,2382587.12,223754.99,5000000.0,27178788537.04,1473425502.91,71.4158,0.007974,0.011637,21998562.26,0.0,0,0,0,0,0.0,0,3672487.61,1335549.36,414902,85095,313558,76823,75.574,90.279,17564232.45,6672593.17,1907447.84,475139.28
br=0.1_btcRN=100000_ethRN=100000_flow=50%_start=d217_adl=off_emOff,False,0.5,217,False,0.1,15000.0,1384615385.0,100000.0,0.1,15000.0,923076923.0,100000.0,0.01,449112,344199,76.64,4999992.8,2124257496.67,16970175.68,252725.41,24835480.01,2612586.12,-22222893.89,7621320.13,2612586.12,560175.99,5000000.0,28219723145.51,1459773426.14,70.7791,0.007989,0.011691,22635902.93,0.0,0,0,0,0,0.0,0,3471500.65,1537233.36,373533,75579,276400,67799,73.996,89.706,17820553.99,7014926.02,2099485.46,513100.66
br=0.1_btcRN=100000_ethRN=100000_flow=50%_start=d217_adl=off_emOn,True,0.5,217,False,0.1,15000.0,1384615385.0,100000.0,0.1,15000.0,923076923.0,100000.0,0.01,449112,344199,76.64,4999994.66,1912556010.89,14461005.86,222787.64,21905804.14,2222015.98,-19683788.16,7229469.84,2222015.98,560175.99,5000000.0,24462442421.57,1459773426.14,73.7786,0.007561,0.011454,19706316.52,0.0,0,0,0,0,0.0,0,3503571.11,1503882.75,373533,75579,276400,67799,73.996,89.706,15733237.63,6172566.51,1781980.4,440035.57
br=0.1_btcRN=100000_ethRN=100000_flow=50%_start=d217_adl=on_emOff,False,0.5,217,True,0.1,15000.0,1384615385.0,100000.0,0.1,15000.0,923076923.0,100000.0,0.01,449112,344199,76.64,4999992.8,2124257496.67,16970175.62,252725.41,24835480.01,2612586.18,-22222893.83,7621320.2,2612586.18,560175.99,5000000.0,28219723145.51,1459773426.14,70.7791,0.007989,0.011691,22635902.93,0.0,0,0,0,0,0.0,0,3471500.72,1537233.3,373533,75579,276400,67799,73.996,89.706,17820553.99,7014926.02,2099485.46,513100.72
br=0.1_btcRN=100000_ethRN=100000_flow=50%_start=d217_adl=on_emOn,True,0.5,217,True,0.1,15000.0,1384615385.0,100000.0,0.1,15000.0,923076923.0,100000.0,0.01,449112,344199,76.64,4999994.66,1912556010.89,14461005.81,222787.64,21905804.14,2222016.03,-19683788.11,7229469.89,2222016.03,560175.99,5000000.0,24462442421.57,1459773426.14,73.7786,0.007561,0.011454,19706316.52,0.0,0,0,0,0,0.0,0,3503571.16,1503882.7,373533,75579,276400,67799,73.996,89.706,15733237.63,6172566.51,1781980.4,440035.62
br=0.1_btcRN=100000_ethRN=100000_flow=50%_start=d21_adl=off_emOff,False,0.5,21,False,0.1,15000.0,1384615385.0,100000.0,0.1,15000.0,923076923.0,100000.0,0.01,1682017,1393229,82.83,4999992.8,6265536895.02,105930073.22,1262182.78,124180740.1,11988491.3,-112192248.8,17029234.86,11988491.3,1215433.63,5000000.0,152337771178.23,3113874438.65,24.5836,0.016907,0.01982,122023883.87,0.0,0,0,0,0,0.0,0,1190554.95,3850188.61,1258451,423566,1006976,386253,80.017,91.191,79376307.52,44804432.58,8410236.45,3578254.85
br=0.1_btcRN=100000_ethRN=100000_flow=50%_start=d21_adl=off_emOn,True,0.5,21,False,0.1,15000.0,1384615385.0,100000.0,0.1,15000.0,923076923.0,100000.0,0.01,1682017,1393229,82.83,4999997.25,4814032832.88,63809534.47,779314.4,76715240.65,7126394.53,-69588846.12,12150715.76,7126394.53,1215433.63,5000000.0,90533404643.17,3113874438.65,38.0414,0.013255,0.015936,74559624.47,0.0,0,0,0,0,0.0,0,1401628.3,3622692.94,1258451,423566,1006976,386253,80.017,91.191,47109687.53,29605553.12,4773800.62,2352593.91
br=0.1_btcRN=100000_ethRN=100000_flow=50%_start=d21_adl=on_emOff,False,0.5,21,True,0.1,15000.0,1384615385.0,100000.0,0.1,15000.0,923076923.0,100000.0,0.01,1682017,1393229,82.83,4999992.8,6265536895.02,105879647.03,1262239.93,124180740.1,12038860.35,-112141879.75,17079718.2,12038860.35,1215433.63,5000000.0,152337771178.23,3113874438.65,24.5836,0.016899,0.01982,122023883.87,0.0,0,0,0,0,0.0,0,1178056.42,3862801.43,1258451,423566,1006976,386253,80.017,91.191,79376307.52,44804432.58,8454819.48,3584040.87
br=0.1_btcRN=100000_ethRN=100000_flow=50%_start=d21_adl=on_emOn,True,0.5,21,True,0.1,15000.0,1384615385.0,100000.0,0.1,15000.0,923076923.0,100000.0,0.01,1682017,1393229,82.83,4999997.25,4814032832.88,63774728.27,779353.84,76715240.65,7161161.29,-69554079.36,12185561.41,7161161.29,1215433.63,5000000.0,90533404643.17,3113874438.65,38.0414,0.013248,0.015936,74559624.47,0.0,0,0,0,0,0.0,0,1392995.02,3631405.1,1258451,423566,1006976,386253,80.017,91.191,47109687.53,29605553.12,4804582.04,2356579.26
br=0.1_btcRN=100000_ethRN=100000_flow=50%_start=d224_adl=off_emOff,False,0.5,224,False,0.1,15000.0,1384615385.0,100000.0,0.1,15000.0,923076923.0,100000.0,0.01,408222,308451,75.56,4999992.8,1918909693.23,14348579.27,223921.41,21988624.21,2416130.74,-19572493.48,7424193.87,2416130.74,494329.2,5000000.0,24927970383.35,1403915801.62,73.7013,0.007477,0.011459,19779592.88,0.0,0,0,0,0,0.0,0,3324493.83,1683569.3,339550,68672,247054,61397,72.759,89.406,15678202.78,6310421.44,1930722.29,485408.45
br=0.1_btcRN=100000_ethRN=100000_flow=50%_start=d224_adl=off_emOn,True,0.5,224,False,0.1,15000.0,1384615385.0,100000.0,0.1,15000.0,923076923.0,100000.0,0.01,408222,308451,75.56,4999994.48,1747702821.69,12401372.77,200556.59,19703542.68,2101618.84,-17601923.84,7108655.65,2101618.84,494329.2,5000000.0,21971330883.1,1403915801.62,76.1713,0.007096,0.011274,17494583.12,0.0,0,0,0,0,0.0,0,3358149.56,1648887.25,339550,68672,247054,61397,72.759,89.406,14040980.58,5662562.1,1673482.56,428136.28
br=0.1_btcRN=100000_ethRN=100000_flow=50%_start=d224_adl=on_emOff,False,0.5,224,True,0.1,15000.0,1384615385.0,100000.0,0.1,15000.0,923076923.0,100000.0,0.01,408222,308451,75.56,4999992.8,1918909693.23,14348579.2,223921.41,21988624.21,2416130.8,-19572493.41,7424193.93,2416130.8,494329.2,5000000.0,24927970383.35,1403915801.62,73.7013,0.007477,0.011459,19779592.88,0.0,0,0,0,0,0.0,0,3324493.9,1683569.23,339550,68672,247054,61397,72.759,89.406,15678202.78,6310421.44,1930722.29,485408.52
br=0.1_btcRN=100000_ethRN=100000_flow=50%_start=d224_adl=on_emOn,True,0.5,224,True,0.1,15000.0,1384615385.0,100000.0,0.1,15000.0,923076923.0,100000.0,0.01,408222,308451,75.56,4999994.48,1747702821.69,12401372.72,200556.59,19703542.68,2101618.89,-17601923.79,7108655.7,2101618.89,494329.2,5000000.0,21971330883.1,1403915801.62,76.1713,0.007096,0.011274,17494583.12,0.0,0,0,0,0,0.0,0,3358149.61,1648887.2,339550,68672,247054,61397,72.759,89.406,14040980.58,5662562.1,1673482.56,428136.33
br=0.1_btcRN=100000_ethRN=100000_flow=50%_start=d231_adl=off_emOff,False,0.5,231,False,0.1,15000.0,1384615385.0,100000.0,0.1,15000.0,923076923.0,100000.0,0.01,364842,270773,74.22,4999992.8,1706070909.52,11784411.64,195065.32,19147766.35,2168296.6,-16979469.75,7175464.7,2168296.6,304488.52,5000000.0,21851171721.14,1403915801.62,76.8333,0.006907,0.011223,16900994.41,0.0,0,0,0,0,0.0,0,3343737.26,1663430.85,304522,60320,217028,53745,71.268,89.1,13666419.17,5481347.18,1747915.36,420381.24
br=0.1_btcRN=100000_ethRN=100000_flow=50%_start=d231_adl=off_emOn,True,0.5,231,False,0.1,15000.0,1384615385.0,100000.0,0.1,15000.0,923076923.0,100000.0,0.01,364842,270773,74.22,4999994.29,1573447666.51,10340061.8,177623.1,17443086.98,1925407.79,-15517679.19,6931786.54,1925407.79,304488.52,5000000.0,19626979145.36,1403915801.62,78.783,0.006572,0.011086,15196369.68,0.0,0,0,0,0,0.0,0,3362984.52,1643394.23,304522,60320,217028,53745,71.268,89.1,12439555.97,5003531.01,1548353.27,377054.52
br=0.1_btcRN=100000_ethRN=100000_flow=50%_start=d231_adl=on_emOff,False,0.5,231,True,0.1,15000.0,1384615385.0,100000.0,0.1,15000.0,923076923.0,100000.0,0.01,364842,270773,74.22,4999992.8,1706070909.52,11784411.57,195065.32,19147766.35,2168296.66,-16979469.69,7175464.77,2168296.66,304488.52,5000000.0,21851171721.14,1403915801.62,76.8333,0.006907,0.011223,16900994.41,0.0,0,0,0,0,0.0,0,3343737.33,1663430.78,304522,60320,217028,53745,71.268,89.1,13666419.17,5481347.18,1747915.36,420381.31
br=0.1_btcRN=100000_ethRN=100000_flow=50%_start=d231_adl=on_emOn,True,0.5,231,True,0.1,15000.0,1384615385.0,100000.0,0.1,15000.0,923076923.0,100000.0,0.01,364842,270773,74.22,4999994.29,1573447666.51,10340061.75,177623.1,17443086.98,1925407.84,-15517679.14,6931786.59,1925407.84,304488.52,5000000.0,19626979145.36,1403915801.62,78.783,0.006572,0.011086,15196369.68,0.0,0,0,0,0,0.0,0,3362984.57,1643394.18,304522,60320,217028,53745,71.268,89.1,12439555.97,5003531.01,1548353.27,377054.57
br=0.1_btcRN=100000_ethRN=100000_flow=50%_start=d238_adl=off_emOff,False,0.5,238,False,0.1,15000.0,1384615385.0,100000.0,0.1,15000.0,923076923.0,100000.0,0.01,323385,236567,73.15,4999992.8,1502439347.59,9446376.32,168676.16,16549664.22,1934618.94,-14615045.28,6940970.78,1934618.94,235918.32,5000000.0,18922849005.03,1304152315.3,79.8257,0.006287,0.011015,14310478.18,0.0,0,0,0,0,0.0,0,3438433.59,1567918.25,270494,52891,189644,46923,70.11,88.716,11920704.3,4628959.92,1575700.35,358918.59
br=0.1_btcRN=100000_ethRN=100000_flow=50%_start=d238_adl=off_emOn,True,0.5,238,False,0.1,15000.0,1384615385.0,100000.0,0.1,15000.0,923076923.0,100000.0,0.01,323385,236567,73.15,4999994.1,1402258855.02,8399880.91,155943.07,15306252.02,1750433.92,-13555818.09,6756189.14,1750433.92,235918.32,5000000.0,17282795207.31,1304152315.3,81.3244,0.00599,0.010915,13067105.63,0.0,0,0,0,0,0.0,0,3453997.03,1551758.18,270494,52891,189644,46923,70.11,88.716,11023122.66,4283129.35,1423573.23,326860.69
br=0.1_btcRN=100000_ethRN=100000_flow=50%_start=d238_adl=on_emOff,False,0.5,238,True,0.1,15000.0,1384615385.0,100000.0,0.1,15000.0,923076923.0,100000.0,0.01,323385,236567,73.15,4999992.8,1502439347.59,9446376.26,168676.16,16549664.22,1934619.01,-14615045.22,6940970.85,1934619.01,235918.32,5000000.0,18922849005.03,1304152315.3,79.8257,0.006287,0.011015,14310478.18,0.0,0,0,0,0,0.0,0,3438433.66,1567918.18,270494,52891,189644,46923,70.11,88.716,11920704.3,4628959.92,1575700.35,358918.65
br=0.1_btcRN=100000_ethRN=100000_flow=50%_start=d238_adl=on_emOn,True,0.5,238,True,0.1,15000.0,1384615385.0,100000.0,0.1,15000.0,923076923.0,100000.0,0.01,323385,236567,73.15,4999994.1,1402258855.02,8399880.86,155943.07,15306252.02,1750433.98,-13555818.04,6756189.19,1750433.98,235918.32,5000000.0,17282795207.31,1304152315.3,81.3244,0.00599,0.010915,13067105.63,0.0,0,0,0,0,0.0,0,3453997.09,1551758.12,270494,52891,189644,46923,70.11,88.716,11023122.66,4283129.35,1423573.23,326860.75
br=0.1_btcRN=100000_ethRN=100000_flow=50%_start=d245_adl=off_emOff,False,0.5,245,False,0.1,15000.0,1384615385.0,100000.0,0.1,15000.0,923076923.0,100000.0,0.01,276229,200676,72.65,4999992.8,1323572563.19,7453824.12,146286.28,14342483.96,1742380.76,-12600103.2,6748096.45,1742380.76,199759.2,5000000.0,16494177920.61,1289866920.31,82.5342,0.005632,0.010836,12088247.3,0.0,0,0,0,0,0.0,0,3537392.63,1468323.06,230671,45558,160431,40245,69.55,88.338,10368043.62,3974440.34,1417731.13,324649.63
br=0.1_btcRN=100000_ethRN=100000_flow=50%_start=d245_adl=off_emOn,True,0.5,245,False,0.1,15000.0,1384615385.0,100000.0,0.1,15000.0,923076923.0,100000.0,0.01,276229,200676,72.65,4999993.93,1248798712.74,6700420.58,137065.86,13442652.78,1605172.41,-11837480.37,6610445.01,1605172.41,199759.2,5000000.0,15295109421.83,1289866920.31,83.6703,0.005365,0.010764,11188445.17,0.0,0,0,0,0,0.0,0,3539130.24,1466142.35,230671,45558,160431,40245,69.55,88.338,9716870.32,3725782.46,1303915.95,301256.46
br=0.1_btcRN=100000_ethRN=100000_flow=50%_start=d245_adl=on_emOff,False,0.5,245,True,0.1,15000.0,1384615385.0,100000.0,0.1,15000.0,923076923.0,100000.0,0.01,276229,200676,72.65,4999992.8,1323572563.19,7453824.05,146286.28,14342483.96,1742380.82,-12600103.14,6748096.51,1742380.82,199759.2,5000000.0,16494177920.61,1289866920.31,82.5342,0.005632,0.010836,12088247.3,0.0,0,0,0,0,0.0,0,3537392.69,1468323.0,230671,45558,160431,40245,69.55,88.338,10368043.62,3974440.34,1417731.13,324649.69
br=0.1_btcRN=100000_ethRN=100000_flow=50%_start=d245_adl=on_emOn,True,0.5,245,True,0.1,15000.0,1384615385.0,100000.0,0.1,15000.0,923076923.0,100000.0,0.01,276229,200676,72.65,4999993.93,1248798712.74,6700420.52,137065.86,13442652.78,1605172.47,-11837480.31,6610445.06,1605172.47,199759.2,5000000.0,15295109421.83,1289866920.31,83.6703,0.005365,0.010764,11188445.17,0.0,0,0,0,0,0.0,0,3539130.3,1466142.29,230671,45558,160431,40245,69.55,88.338,9716870.32,3725782.46,1303915.95,301256.52
br=0.1_btcRN=100000_ethRN=100000_flow=50%_start=d252_adl=off_emOff,False,0.5,252,False,0.1,15000.0,1384615385.0,100000.0,0.1,15000.0,923076923.0,100000.0,0.01,226189,167733,74.16,4999992.8,1139780776.3,5487738.8,124076.48,12155083.78,1543275.71,-10611808.07,6548319.79,1543275.71,256272.9,5000000.0,14026588487.81,1258632848.99,85.317,0.004815,0.010664,9916232.24,0.0,0,0,0,0,0.0,0,3455805.33,1549238.75,187563,38626,133615,34118,71.237,88.329,8776345.96,3378737.82,1275025.87,268249.84
br=0.1_btcRN=100000_ethRN=100000_flow=50%_start=d252_adl=off_emOn,True,0.5,252,False,0.1,15000.0,1384615385.0,100000.0,0.1,15000.0,923076923.0,100000.0,0.01,226189,167733,74.16,4999993.75,1087208785.2,4975987.7,117789.45,11541776.55,1448005.64,-10093770.9,6452742.76,1448005.64,256272.9,5000000.0,13200755016.8,1258632848.99,86.1283,0.004577,0.010616,9302945.23,0.0,0,0,0,0,0.0,0,3476950.48,1527786.63,187563,38626,133615,34118,71.237,88.329,8332301.69,3209474.86,1195846.8,252158.84
br=0.1_btcRN=100000_ethRN=100000_flow=50%_start=d252_adl=on_emOff,False,0.5,252,True,0.1,15000.0,1384615385.0,100000.0,0.1,15000.0,923076923.0,100000.0,0.01,226189,167733,74.16,4999992.8,1139780776.3,5487738.73,124076.48,12155083.78,1543275.77,-10611808.01,6548319.85,1543275.77,256272.9,5000000.0,14026588487.81,1258632848.99,85.317,0.004815,0.010664,9916232.24,0.0,0,0,0,0,0.0,0,3455805.39,1549238.69,187563,38626,133615,34118,71.237,88.329,8776345.96,3378737.82,1275025.87,268249.91
br=0.1_btcRN=100000_ethRN=100000_flow=50%_start=d252_adl=on_emOn,True,0.5,252,True,0.1,15000.0,1384615385.0,100000.0,0.1,15000.0,923076923.0,100000.0,0.01,226189,167733,74.16,4999993.75,1087208785.2,4975987.65,117789.45,11541776.55,1448005.7,-10093770.85,6452742.82,1448005.7,256272.9,5000000.0,13200755016.8,1258632848.99,86.1283,0.004577,0.010616,9302945.23,0.0,0,0,0,0,0.0,0,3476950.54,1527786.58,187563,38626,133615,34118,71.237,88.329,8332301.69,3209474.86,1195846.8,252158.9
br=0.1_btcRN=100000_ethRN=100000_flow=50%_start=d259_adl=off_emOff,False,0.5,259,False,0.1,15000.0,1384615385.0,100000.0,0.1,15000.0,923076923.0,100000.0,0.01,183997,133651,72.64,4999992.8,939941192.95,3408221.98,100647.95,9847043.27,1338180.54,-8508862.73,6342528.37,1338180.54,364928.5,5000000.0,11419410586.86,1258632848.99,88.5064,0.003626,0.010476,7553966.93,0.0,0,0,0,0,0.0,0,3619153.49,1385194.34,153552,30445,106864,26787,69.595,87.985,7094853.85,2752189.42,1106172.84,232007.7
br=0.1_btcRN=100000_ethRN=100000_flow=50%_start=d259_adl=off_emOn,True,0.5,259,False,0.1,15000.0,1384615385.0,100000.0,0.1,15000.0,923076923.0,100000.0,0.01,183997,133651,72.64,4999993.54,908115902.92,3109204.58,96972.69,9488460.24,1282289.43,-8206170.81,6286459.14,1282289.43,364928.5,5000000.0,10928350602.3,1258632848.99,89.0061,0.003424,0.010449,7195395.87,0.0,0,0,0,0,0.0,0,3613834.62,1390335.09,153552,30445,106864,26787,69.595,87.985,6835596.76,2652863.49,1060100.08,222189.35
br=0.1_btcRN=100000_ethRN=100000_flow=50%_start=d259_adl=on_emOff,False,0.5,259,True,0.1,15000.0,1384615385.0,100000.0,0.1,15000.0,923076923.0,100000.0,0.01,183997,133651,72.64,4999992.8,939941192.95,3408221.92,100647.95,9847043.27,1338180.6,-8508862.67,6342528.43,1338180.6,364928.5,5000000.0,11419410586.86,1258632848.99,88.5064,0.003626,0.010476,7553966.93,0.0,0,0,0,0,0.0,0,3619153.56,1385194.27,153552,30445,106864,26787,69.595,87.985,7094853.85,2752189.42,1106172.84,232007.77
br=0.1_btcRN=100000_ethRN=100000_flow=50%_start=d259_adl=on_emOn,True,0.5,259,True,0.1,15000.0,1384615385.0,100000.0,0.1,15000.0,923076923.0,100000.0,0.01,183997,133651,72.64,4999993.54,908115902.92,3109204.52,96972.69,9488460.24,1282289.49,-8206170.75,6286459.2,1282289.49,364928.5,5000000.0,10928350602.3,1258632848.99,89.0061,0.003424,0.010449,7195395.87,0.0,0,0,0,0,0.0,0,3613834.68,1390335.03,153552,30445,106864,26787,69.595,87.985,6835596.76,2652863.49,1060100.08,222189.41
br=0.1_btcRN=100000_ethRN=100000_flow=50%_start=d28_adl=off_emOff,False,0.5,28,False,0.1,15000.0,1384615385.0,100000.0,0.1,15000.0,923076923.0,100000.0,0.01,1632008,1348476,82.63,4999992.8,6092255178.87,99737252.14,1192073.7,117275127.96,11345809.33,-105929318.64,16384446.97,11345809.33,1091289.8,5000000.0,142539373640.57,3113874438.65,26.0533,0.016371,0.01925,115098565.19,0.0,0,0,0,0,0.0,0,1664648.03,3373989.61,1237349,394659,989496,358980,79.969,90.96,77101817.99,40173309.97,8101945.03,3243864.29
br=0.1_btcRN=100000_ethRN=100000_flow=50%_start=d28_adl=off_emOn,True,0.5,28,False,0.1,15000.0,1384615385.0,100000.0,0.1,15000.0,923076923.0,100000.0,0.01,1632008,1348476,82.63,4999997.17,4699735704.55,61073668.74,749091.47,73725695.81,6902938.44,-66822757.37,11926604.62,6902938.44,1091289.8,5000000.0,86161908891.33,3113874438.65,39.2462,0.012995,0.015687,71550239.41,0.0,0,0,0,0,0.0,0,1890560.15,3133106.04,1237349,394659,989496,358980,79.969,90.96,47194878.57,26530817.24,4729125.92,2173812.52
br=0.1_btcRN=100000_ethRN=100000_flow=50%_start=d28_adl=on_emOff,False,0.5,28,True,0.1,15000.0,1384615385.0,100000.0,0.1,15000.0,923076923.0,100000.0,0.01,1632008,1348476,82.63,4999992.8,6092255178.87,99686825.94,1192130.85,117275127.96,11396178.38,-105878949.59,16434930.31,11396178.38,1091289.8,5000000.0,142539373640.57,3113874438.65,26.0533,0.016363,0.01925,115098565.19,0.0,0,0,0,0,0.0,0,1652149.5,3386602.43,1237349,394659,989496,358980,79.969,90.96,77101817.99,40173309.97,8146528.07,3249650.31
br=0.1_btcRN=100000_ethRN=100000_flow=50%_start=d28_adl=on_emOn,True,0.5,28,True,0.1,15000.0,1384615385.0,100000.0,0.1,15000.0,923076923.0,100000.0,0.01,1632008,1348476,82.63,4999997.17,4699735704.55,61036155.54,749133.98,73725695.81,6940409.12,-66785286.69,11964160.33,6940409.12,1091289.8,5000000.0,86161908891.33,3113874438.65,39.2462,0.012987,0.015687,71550239.41,0.0,0,0,0,0,0.0,0,1881254.99,3142496.21,1237349,394659,989496,358980,79.969,90.96,47194878.57,26530817.24,4762301.86,2178107.26
br=0.1_btcRN=100000_ethRN=100000_flow=50%_start=d35_adl=off_emOff,False,0.5,35,False,0.1,15000.0,1384615385.0,100000.0,0.1,15000.0,923076923.0,100000.0,0.01,1594506,1316061,82.54,4999992.8,5959894676.32,95179646.08,1140238.36,112179176.32,10859299.08,-101319877.24,15896185.06,10859299.08,859337.52,5000000.0,135902556895.26,3113874438.65,27.2314,0.01597,0.018822,109956753.05,0.0,0,0,0,0,0.0,0,2079002.23,2957883.75,1217257,377249,973222,342839,79.952,90.879,74954913.83,37224262.48,7864361.57,2994937.51
br=0.1_btcRN=100000_ethRN=100000_flow=50%_start=d35_adl=off_emOn,True,0.5,35,False,0.1,15000.0,1384615385.0,100000.0,0.1,15000.0,923076923.0,100000.0,0.01,1594506,1316061,82.54,4999997.1,4613628678.33,59030762.54,726380.48,71488083.46,6730943.35,-64757140.11,11753939.73,6730943.35,859337.52,5000000.0,83476101327.87,3113874438.65,40.1989,0.012795,0.015495,69266660.92,0.0,0,0,0,0,0.0,0,2299337.51,2723658.87,1217257,377249,973222,342839,79.952,90.879,46852769.75,24635313.71,4695044.53,2035898.82
br=0.1_btcRN=100000_ethRN=100000_flow=50%_start=d35_adl=on_emOff,False,0.5,35,True,0.1,15000.0,1384615385.0,100000.0,0.1,15000.0,923076923.0,100000.0,0.01,1594506,1316061,82.54,4999992.8,5959894676.32,95129219.89,1140295.5,112179176.32,10909668.13,-101269508.19,15946668.4,10909668.13,859337.52,5000000.0,135902556895.26,3113874438.65,27.2314,0.015962,0.018822,109956753.05,0.0,0,0,0,0,0.0,0,2066503.7,2970496.57,1217257,377249,973222,342839,79.952,90.879,74954913.83,37224262.48,7908944.6,3000723.53
br=0.1_btcRN=100000_ethRN=100000_flow=50%_start=d35_adl=on_emOn,True,0.5,35,True,0.1,15000.0,1384615385.0,100000.0,0.1,15000.0,923076923.0,100000.0,0.01,1594506,1316061,82.54,4999997.1,4613628678.33,58990894.23,726425.66,71488083.46,6770766.48,-64717316.98,11793853.21,6770766.48,859337.52,5000000.0,83476101327.87,3113874438.65,40.1989,0.012786,0.015495,69266660.92,0.0,0,0,0,0,0.0,0,2289447.78,2733638.96,1217257,377249,973222,342839,79.952,90.879,46852769.75,24635313.71,4730303.78,2040462.7
br=0.1_btcRN=100000_ethRN=100000_flow=50%_start=d42_adl=off_emOff,False,0.5,42,False,0.1,15000.0,1384615385.0,100000.0,0.1,15000.0,923076923.0,100000.0,0.01,1561047,1289341,82.59,4999992.8,5876339775.68,92029221.44,1102693.14,108512520.99,10380613.61,-98131907.38,15390267.64,10380613.61,434876.19,5000000.0,131031958552.16,3113874438.65,28.1831,0.015661,0.018466,106040947.12,13943.09,50,88,88,0,0.0,0.0,2189277.42,2820376.61,1197325,363722,958551,330790,80.058,90.946,73095920.1,35416600.89,7604894.9,2775718.71
br=0.1_btcRN=100000_ethRN=100000_flow=50%_start=d42_adl=off_emOn,True,0.5,42,False,0.1,15000.0,1384615385.0,100000.0,0.1,15000.0,923076923.0,100000.0,0.01,1561047,1289341,82.59,4999997.04,4566962195.49,57781331.1,710741.63,69972973.95,6480904.18,-63492069.77,11477450.36,6480904.18,434876.19,5000000.0,81546677441.03,3113874438.65,40.959,0.012652,0.015322,67502324.94,13943.09,50,88,88,0,0.0,0.0,2404259.42,2592286.77,1197325,363722,958551,330790,80.058,90.946,46378766.26,23594207.69,4588911.85,1891992.33
br=0.1_btcRN=100000_ethRN=100000_flow=50%_start=d42_adl=on_emOff,False,0.5,42,True,0.1,15000.0,1384615385.0,100000.0,0.1,15000.0,923076923.0,100000.0,0.01,1561047,1289341,82.59,4999992.8,5876339775.68,91978795.24,1102750.29,108512520.99,10430982.66,-98081538.33,15440750.98,10430982.66,434876.19,5000000.0,131031958552.16,3113874438.65,28.1831,0.015652,0.018466,106040947.12,13943.09,50,88,88,0,0.0,0.0,2176778.88,2832989.43,1197325,363722,958551,330790,80.058,90.946,73095920.1,35416600.89,7649477.93,2781504.73
br=0.1_btcRN=100000_ethRN=100000_flow=50%_start=d42_adl=on_emOn,True,0.5,42,True,0.1,15000.0,1384615385.0,100000.0,0.1,15000.0,923076923.0,100000.0,0.01,1561047,1289341,82.59,4999997.04,4566962195.49,57739427.18,710789.11,69972973.95,6522760.62,-63450213.33,11519401.77,6522760.62,434876.19,5000000.0,81546677441.03,3113874438.65,40.959,0.012643,0.015322,67502324.94,13943.09,50,88,88,0,0.0,0.0,2393864.4,2602776.75,1197325,363722,958551,330790,80.058,90.946,46378766.26,23594207.69,4625971.8,1896788.81
br=0.1_btcRN=100000_ethRN=100000_flow=50%_start=d49_adl=off_emOff,False,0.5,49,False,0.1,15000.0,1384615385.0,100000.0,0.1,15000.0,923076923.0,100000.0,0.01,1521304,1259837,82.81,4999992.8,5764075975.37,89195255.86,1067665.25,105099714.27,9836800.36,-95262913.91,14870129.37,9836800.36,443996.98,5000000.0,125581707442.3,3113874438.65,29.0,0.015474,0.018234,102834373.06,0.0,0,0,0,0,0.0,0,2081311.94,2952017.07,1172519,348785,942343,317494,80.369,91.029,71327754.48,33771959.78,7322693.85,2514106.51
br=0.1_btcRN=100000_ethRN=100000_flow=50%_start=d49_adl=off_emOn,True,0.5,49,False,0.1,15000.0,1384615385.0,100000.0,0.1,15000.0,923076923.0,100000.0,0.01,1521304,1259837,82.81,4999997.0,4486002369.01,56494851.01,693460.98,68304435.46,6116126.47,-62188308.99,11136956.71,6116126.47,443996.98,5000000.0,78414558362.05,3113874438.65,41.6054,0.012594,0.015226,66039965.98,0.0,0,0,0,0,0.0,0,2298132.63,2722697.62,1172519,348785,942343,317494,80.369,91.029,45745903.93,22558531.53,4431386.31,1684740.15
br=0.1_btcRN=100000_ethRN=100000_flow=50%_start=d49_adl=on_emOff,False,0.5,49,True,0.1,15000.0,1384615385.0,100000.0,0.1,15000.0,923076923.0,100000.0,0.01,1521304,1259837,82.81,4999992.8,5764075975.37,89144829.66,1067722.39,105099714.27,9887169.41,-95212544.85,14920612.71,9887169.41,443996.98,5000000.0,125581707442.3,3113874438.65,29.0,0.015466,0.018234,102834373.06,0.0,0,0,0,0,0.0,0,2068813.41,2964629.89,1172519,348785,942343,317494,80.369,91.029,71327754.48,33771959.78,7367276.88,2519892.53
br=0.1_btcRN=100000_ethRN=100000_flow=50%_start=d49_adl=on_emOn,True,0.5,49,True,0.1,15000.0,1384615385.0,100000.0,0.1,15000.0,923076923.0,100000.0,0.01,1521304,1259837,82.81,4999997.0,4486002369.01,56451092.51,693510.57,68304435.46,6159835.39,-62144600.07,11180764.81,6159835.39,443996.98,5000000.0,78414558362.05,3113874438.65,41.6054,0.012584,0.015226,66039965.98,0.0,0,0,0,0,0.0,0,2287277.24,2733652.18,1172519,348785,942343,317494,80.369,91.029,45745903.93,22558531.53,4470086.85,1689748.54
br=0.1_btcRN=100000_ethRN=100000_flow=50%_start=d56_adl=off_emOff,False,0.5,56,False,0.1,15000.0,1384615385.0,100000.0,0.1,15000.0,923076923.0,100000.0,0.01,1486379,1233315,82.97,4999992.8,5652148628.36,85583102.62,1027402.39,101135912.68,9525414.86,-91610497.81,14545839.05,9525414.86,357807.18,5000000.0,120040529794.07,3113874438.65,30.0799,0.015142,0.017893,98797837.82,10987.64,8,8,8,0,0.0,0.0,2433726.68,2586697.51,1150642,335737,927614,305701,80.617,91.054,69292442.02,31843470.66,7185792.12,2339622.74
br=0.1_btcRN=100000_ethRN=100000_flow=50%_start=d56_adl=off_emOn,True,0.5,56,False,0.1,15000.0,1384615385.0,100000.0,0.1,15000.0,923076923.0,100000.0,0.01,1486379,1233315,82.97,4999996.93,4414997041.38,54811019.25,675309.15,66514179.0,6027853.66,-60486325.34,11036530.18,6027853.66,357807.18,5000000.0,75712863454.15,3113874438.65,42.4514,0.012415,0.015066,64176914.68,10987.64,8,8,8,0,0.0,0.0,2641818.33,2366858.19,1150642,335737,927614,305701,80.617,91.054,45153007.2,21361171.8,4453760.4,1574093.27
br=0.1_btcRN=100000_ethRN=100000_flow=50%_start=d56_adl=on_emOff,False,0.5,56,True,0.1,15000.0,1384615385.0,100000.0,0.1,15000.0,923076923.0,100000.0,0.01,1486379,1233315,82.97,4999992.8,5652148628.36,85532676.43,1027459.53,101135912.68,9575783.92,-91560128.76,14596322.39,9575783.92,357807.18,5000000.0,120040529794.07,3113874438.65,30.0799,0.015133,0.017893,98797837.82,10987.64,8,8,8,0,0.0,0.0,2421228.14,2599310.33,1150642,335737,927614,305701,80.617,91.054,69292442.02,31843470.66,7230375.16,2345408.76
br=0.1_btcRN=100000_ethRN=100000_flow=50%_start=d56_adl=on_emOn,True,0.5,56,True,0.1,15000.0,1384615385.0,100000.0,0.1,15000.0,923076923.0,100000.0,0.01,1486379,1233315,82.97,4999996.93,4414997041.38,54764639.6,675361.71,66514179.0,6074180.76,-60439998.24,11082962.39,6074180.76,357807.18,5000000.0,75712863454.15,3113874438.65,42.4514,0.012404,0.015066,64176914.68,10987.64,8,8,8,0,0.0,0.0,2630312.27,2378469.37,1150642,335737,927614,305701,80.617,91.054,45153007.2,21361171.8,4494779.65,1579401.1
br=0.1_btcRN=100000_ethRN=100000_flow=50%_start=d63_adl=off_emOff,False,0.5,63,False,0.1,15000.0,1384615385.0,100000.0,0.1,15000.0,923076923.0,100000.0,0.01,1453040,1207018,83.07,4999992.8,5557186161.39,82836461.49,995298.64,97991310.08,9159557.15,-88831752.93,14190321.03,9159557.15,513446.0,5000000.0,116132604732.61,3113874438.65,30.9676,0.014906,0.017633,95638948.89,0.0,0,0,0,0,0.0,0,2798304.58,2232459.3,1128916,324124,911743,295275,80.763,91.099,67638172.12,30353137.96,6954869.25,2204687.9
br=0.1_btcRN=100000_ethRN=100000_flow=50%_start=d63_adl=off_emOn,True,0.5,63,False,0.1,15000.0,1384615385.0,100000.0,0.1,15000.0,923076923.0,100000.0,0.01,1453040,1207018,83.07,4999996.88,4353068586.4,53556901.36,660267.11,65047581.51,5830416.16,-59217165.35,10849995.64,5830416.16,513446.0,5000000.0,73982649573.58,3113874438.65,43.1424,0.012303,0.014943,62695988.7,0.0,0,0,0,0,0.0,0,2990881.1,2028698.38,1128916,324124,911743,295275,80.763,91.099,44622348.45,20425233.06,4343336.26,1487079.9
br=0.1_btcRN=100000_ethRN=100000_flow=50%_start=d63_adl=on_emOff,False,0.5,63,True,0.1,15000.0,1384615385.0,100000.0,0.1,15000.0,923076923.0,100000.0,0.01,1453040,1207018,83.07,4999992.8,5557186161.39,82786035.29,995355.78,97991310.08,9209926.2,-88781383.88,14240804.37,9209926.2,513446.0,5000000.0,116132604732.61,3113874438.65,30.9676,0.014897,0.017633,95638948.89,0.0,0,0,0,0,0.0,0,2775099.46,2255778.7,1128916,324124,911743,295275,80.763,91.099,67638172.12,30353137.96,6999452.29,2210473.92
br=0.1_btcRN=100000_ethRN=100000_flow=50%_start=d63_adl=on_emOn,True,0.5,63,True,0.1,15000.0,1384615385.0,100000.0,0.1,15000.0,923076923.0,100000.0,0.01,1453040,1207018,83.07,4999996.88,4353068586.4,53508195.06,660322.31,65047581.51,5879067.26,-59168514.25,10898757.13,5879067.26,513446.0,5000000.0,73982649573.58,3113874438.65,43.1424,0.012292,0.014943,62695988.7,0.0,0,0,0,0,0.0,0,2988931.14,2030758.73,1128916,324124,911743,295275,80.763,91.099,44622348.45,20425233.06,4386413.74,1492653.52
br=0.1_btcRN=100000_ethRN=100000_flow=50%_start=d70_adl=off_emOff,False,0.5,70,False,0.1,15000.0,1384615385.0,100000.0,0.1,15000.0,923076923.0,100000.0,0.01,1402661,1167238,83.22,4999992.8,5405098343.16,79065015.63,949915.94,93551040.04,8536115.67,-85014924.37,13564919.55,8536115.67,1666230.72,5000000.0,110554481115.9,3113874438.65,32.2307,0.014628,0.017308,91371562.81,0.0,0,0,0,0,0.0,0,2402542.45,2626261.43,1093105,309556,884997,282241,80.962,91.176,64732544.82,28818495.22,6614761.37,1921354.3
br=0.1_btcRN=100000_ethRN=100000_flow=50%_start=d70_adl=off_emOn,True,0.5,70,False,0.1,15000.0,1384615385.0,100000.0,0.1,15000.0,923076923.0,100000.0,0.01,1402661,1167238,83.22,4999996.81,4246913970.57,51778294.02,637548.34,62837440.68,5421601.51,-57415839.17,10439946.19,5421601.51,1666230.72,5000000.0,71260754731.34,3113874438.65,44.1209,0.012192,0.014796,60658678.97,0.0,0,0,0,0,0.0,0,2588708.09,2429636.59,1093105,309556,884997,282241,80.962,91.176,43210834.84,19626605.84,4163308.91,1258292.6
br=0.1_btcRN=100000_ethRN=100000_flow=50%_start=d70_adl=on_emOff,False,0.5,70,True,0.1,15000.0,1384615385.0,100000.0,0.1,15000.0,923076923.0,100000.0,0.01,1402661,1167238,83.22,4999992.8,5408724749.43,79014589.44,949973.09,93551040.04,8586484.72,-84964555.32,13615402.89,8586484.72,1615812.7,5000000.0,110554481115.9,3113874438.65,32.247,0.014609,0.017296,91318045.34,0.0,0,0,0,0,0.0,0,2379684.57,2649233.6,1093105,309556,884997,282241,80.962,91.176,64732544.82,28818495.22,6659344.4,1927140.31
br=0.1_btcRN=100000_ethRN=100000_flow=50%_start=d70_adl=on_emOn,True,0.5,70,True,0.1,15000.0,1384615385.0,100000.0,0.1,15000.0,923076923.0,100000.0,0.01,1402661,1167238,83.22,4999996.81,4251132850.33,51752765.35,637888.47,62865286.06,5474635.43,-57390650.63,10493103.46,5474635.43,1615812.7,5000000.0,71296440641.47,3113874438.65,44.1335,0.012174,0.014788,60633006.21,0.0,0,0,0,0,0.0,0,2574820.97,2443647.07,1093105,309556,884997,282241,80.962,91.176,43229545.55,19635740.51,4209898.67,1264736.76
br=0.1_btcRN=100000_ethRN=100000_flow=50%_start=d77_adl=off_emOff,False,0.5,77,False,0.1,15000.0,1384615385.0,100000.0,0.1,15000.0,923076923.0,100000.0,0.01,1333108,1105057,82.89,4999992.8,5194630713.22,73159505.2,885108.05,87144486.77,8099880.72,-79044606.05,13127199.88,8099880.72,635898.38,5000000.0,102679955061.2,2377764939.37,34.2896,0.014084,0.016776,84927525.75,0.0,0,0,0,0,0.0,0,2880654.69,2146664.47,1046914,286194,844999,260058,80.713,90.868,60902862.36,26241624.41,6286567.23,1813313.49
br=0.1_btcRN=100000_ethRN=100000_flow=50%_start=d77_adl=off_emOn,True,0.5,77,False,0.1,15000.0,1384615385.0,100000.0,0.1,15000.0,923076923.0,100000.0,0.01,1333108,1105057,82.89,4999996.7,4109081966.79,48806219.01,606199.28,59721856.79,5309441.79,-54412414.99,10327399.93,5309441.79,635898.38,5000000.0,67608521811.56,2377764939.37,45.7024,0.011878,0.014534,57505532.03,0.0,0,0,0,0,0.0,0,3054406.99,1963551.14,1046914,286194,844999,260058,80.713,90.868,41620720.06,18101136.73,4078358.2,1231083.6
br=0.1_btcRN=100000_ethRN=100000_flow=50%_start=d77_adl=on_emOff,False,0.5,77,True,0.1,15000.0,1384615385.0,100000.0,0.1,15000.0,923076923.0,100000.0,0.01,1333108,1105057,82.89,4999992.8,5194630713.22,73159439.96,885108.13,87144486.77,8099945.89,-79044540.88,13127265.2,8099945.89,635898.38,5000000.0,102679955061.2,2377764939.37,34.2896,0.014084,0.016776,84927525.75,0.0,0,0,0,0,0.0,0,2880666.68,2146652.63,1046914,286194,844999,260058,80.713,90.868,60902862.36,26241624.41,6286592.7,1813353.18
br=0.1_btcRN=100000_ethRN=100000_flow=50%_start=d77_adl=on_emOn,True,0.5,77,True,0.1,15000.0,1384615385.0,100000.0,0.1,15000.0,923076923.0,100000.0,0.01,1333108,1105057,82.89,4999996.7,4109081966.79,48806175.41,606199.33,59721856.79,5309485.34,-54412371.44,10327443.57,5309485.34,635898.38,5000000.0,67608521811.56,2377764939.37,45.7024,0.011878,0.014534,57505532.03,0.0,0,0,0,0,0.0,0,3054413.49,1963544.75,1046914,286194,844999,260058,80.713,90.868,41620720.06,18101136.73,4078379.51,1231105.83
br=0.1_btcRN=100000_ethRN=100000_flow=50%_start=d7_adl=off_emOff,False,0.5,7,False,0.1,15000.0,1384615385.0,100000.0,0.1,15000.0,923076923.0,100000.0,0.01,1773585,1474345,83.13,4999992.8,6579318520.69,117595922.63,1395359.28,137285531.75,13294257.05,-123991274.7,18339257.76,13294257.05,528753.59,5000000.0,170156169842.19,3157651814.34,22.1413,0.017874,0.020866,135023163.05,0.0,0,0,0,0,0.0,0,1364959.04,3680041.68,1295860,477725,1037429,436916,80.057,91.458,83977461.87,53308069.88,8887203.83,4407053.22
br=0.1_btcRN=100000_ethRN=100000_flow=50%_start=d7_adl=off_emOn,True,0.5,7,False,0.1,15000.0,1384615385.0,100000.0,0.1,15000.0,923076923.0,100000.0,0.01,1773585,1474345,83.13,4999997.4,5027185443.24,68838824.18,835884.3,82297574.14,7622868.26,-74674705.88,12648682.77,7622868.26,528753.59,5000000.0,97656492137.42,3157651814.34,35.9868,0.013693,0.016371,80036701.34,0.0,0,0,0,0,0.0,0,1587119.67,3438694.85,1295860,477725,1037429,436916,80.057,91.458,47528688.34,34768885.8,4778444.97,2844423.29
br=0.1_btcRN=100000_ethRN=100000_flow=50%_start=d7_adl=on_emOff,False,0.5,7,True,0.1,15000.0,1384615385.0,100000.0,0.1,15000.0,923076923.0,100000.0,0.01,1773585,1474345,83.13,4999992.8,6579318520.69,117545496.43,1395416.42,137285531.75,13344626.1,-123940905.65,18389741.1,13344626.1,528753.59,5000000.0,170156169842.19,3157651814.34,22.1413,0.017866,0.020866,135023163.05,0.0,0,0,0,0,0.0,0,1352460.5,3692654.5,1295860,477725,1037429,436916,80.057,91.458,83977461.87,53308069.88,8931786.86,4412839.24
br=0.1_btcRN=100000_ethRN=100000_flow=50%_start=d7_adl=on_emOn,True,0.5,7,True,0.1,15000.0,1384615385.0,100000.0,0.1,15000.0,923076923.0,100000.0,0.01,1773585,1474345,83.13,4999997.4,5027185443.24,68808062.49,835919.16,82297574.14,7653595.09,-74643979.05,12679479.32,7653595.09,528753.59,5000000.0,97656492137.42,3157651814.34,35.9868,0.013687,0.016371,80036701.34,0.0,0,0,0,0,0.0,0,1579490.15,3446394.08,1295860,477725,1037429,436916,80.057,91.458,47528688.34,34768885.8,4805648.82,2847946.27
br=0.1_btcRN=100000_ethRN=100000_flow=50%_start=d84_adl=off_emOff,False,0.5,84,False,0.1,15000.0,1384615385.0,100000.0,0.1,15000.0,923076923.0,100000.0,0.01,1273730,1056622,82.95,4999992.8,5045019378.74,68941219.79,838855.27,82575391.21,7795323.35,-74780067.86,12821518.86,7795323.35,344924.8,5000000.0,96919676872.55,2377764939.37,35.9307,0.013665,0.016368,80192706.2,0.0,0,0,0,0,0.0,0,2698216.7,2327978.81,1004399,269331,811554,245068,80.8,90.991,57836372.73,24739018.48,6066826.37,1728496.98
br=0.1_btcRN=100000_ethRN=100000_flow=50%_start=d84_adl=off_emOn,True,0.5,84,False,0.1,15000.0,1384615385.0,100000.0,0.1,15000.0,923076923.0,100000.0,0.01,1273730,1056622,82.95,4999996.61,4015485369.07,46683377.55,583907.79,57509123.61,5241841.66,-52267281.96,10259471.38,5241841.66,344924.8,5000000.0,64844473705.58,2377764939.37,46.9522,0.011626,0.014322,55127019.23,0.0,0,0,0,0,0.0,0,2868215.78,2149413.94,1004399,269331,811554,245068,80.8,90.991,40173859.8,17335263.81,4037913.29,1203928.37
br=0.1_btcRN=100000_ethRN=100000_flow=50%_start=d84_adl=on_emOff,False,0.5,84,True,0.1,15000.0,1384615385.0,100000.0,0.1,15000.0,923076923.0,100000.0,0.01,1273730,1056622,82.95,4999992.8,5045019378.74,68941154.55,838855.34,82575391.21,7795388.52,-74780002.69,12821584.18,7795388.52,344924.8,5000000.0,96919676872.55,2377764939.37,35.9307,0.013665,0.016368,80192706.2,0.0,0,0,0,0,0.0,0,2698228.69,2327966.96,1004399,269331,811554,245068,80.8,90.991,57836372.73,24739018.48,6066851.84,1728536.68
br=0.1_btcRN=100000_ethRN=100000_flow=50%_start=d84_adl=on_emOn,True,0.5,84,True,0.1,15000.0,1384615385.0,100000.0,0.1,15000.0,923076923.0,100000.0,0.01,1273730,1056622,82.95,4999996.61,4015485369.07,46683331.7,583907.85,57509123.61,5241887.46,-52267236.15,10259517.29,5241887.46,344924.8,5000000.0,64844473705.58,2377764939.37,46.9522,0.011626,0.014322,55127019.23,0.0,0,0,0,0,0.0,0,2868222.51,2149407.32,1004399,269331,811554,245068,80.8,90.991,40173859.8,17335263.81,4037936.04,1203951.42
br=0.1_btcRN=100000_ethRN=100000_flow=50%_start=d91_adl=off_emOff,False,0.5,91,False,0.1,15000.0,1384615385.0,100000.0,0.1,15000.0,923076923.0,100000.0,0.01,1226775,1018354,83.01,4999992.8,4911375804.11,65906086.19,803472.63,79114367.66,7404816.04,-71709551.62,12363946.05,7404816.04,369582.82,5000000.0,92802003397.78,2377764939.37,37.1633,0.013419,0.016108,76844880.57,46247.51,63,103,103,0,0.0,0.0,2740341.74,2218788.27,971525,255250,785723,232631,80.875,91.138,55614179.47,23500188.19,5808415.61,1596400.43
br=0.1_btcRN=100000_ethRN=100000_flow=50%_start=d91_adl=off_emOn,True,0.5,91,False,0.1,15000.0,1384615385.0,100000.0,0.1,15000.0,923076923.0,100000.0,0.01,1226775,1018354,83.01,4999996.54,3922762366.49,45099759.52,565106.13,55678964.89,5014102.7,-50664862.19,9965211.5,5014102.7,369582.82,5000000.0,62794410923.84,2377764939.37,47.8866,0.011497,0.014194,53410022.09,46247.51,63,103,103,0,0.0,0.0,2903016.81,2048092.0,971525,255250,785723,232631,80.875,91.138,39081308.96,16597655.93,3904085.68,1110017.02
br=0.1_btcRN=100000_ethRN=100000_flow=50%_start=d91_adl=on_emOff,False,0.5,91,True,0.1,15000.0,1384615385.0,100000.0,0.1,15000.0,923076923.0,100000.0,0.01,1226775,1018354,83.01,4999992.8,4911375804.11,65906020.95,803472.71,79114367.66,7404881.21,-71709486.45,12364011.37,7404881.21,369582.82,5000000.0,92802003397.78,2377764939.37,37.1633,0.013419,0.016108,76844880.57,46247.51,63,103,103,0,0.0,0.0,2740353.73,2218776.43,971525,255250,785723,232631,80.875,91.138,55614179.47,23500188.19,5808441.08,1596440.13
br=0.1_btcRN=100000_ethRN=100000_flow=50%_start=d91_adl=on_emOn,True,0.5,91,True,0.1,15000.0,1384615385.0,100000.0,0.1,15000.0,923076923.0,100000.0,0.01,1226775,1018354,83.01,4999996.54,3922762366.49,45099711.87,565106.19,55678964.89,5014150.29,-50664814.6,9965259.21,5014150.29,369582.82,5000000.0,62794410923.84,2377764939.37,47.8866,0.011497,0.014194,53410022.09,46247.51,63,103,103,0,0.0,0.0,2903023.71,2048085.2,971525,255250,785723,232631,80.875,91.138,39081308.96,16597655.93,3904109.58,1110040.71
br=0.1_btcRN=100000_ethRN=100000_flow=50%_start=d98_adl=off_emOff,False,0.5,98,False,0.1,15000.0,1384615385.0,100000.0,0.1,15000.0,923076923.0,100000.0,0.01,1176097,974839,82.89,4999992.8,4765555463.85,62314902.79,763635.01,75172002.14,7093471.55,-68078530.59,12117294.32,7093471.55,488121.84,5000000.0,88143469149.06,2148008052.03,38.7219,0.013076,0.015774,72842534.29,0.0,0,0,0,0,0.0,0,2985003.83,2038818.94,935155,240942,755604,219235,80.8,90.991,53086334.03,22085668.11,5569239.25,1524232.3
br=0.1_btcRN=100000_ethRN=100000_flow=50%_start=d98_adl=off_emOn,True,0.5,98,False,0.1,15000.0,1384615385.0,100000.0,0.1,15000.0,923076923.0,100000.0,0.01,1176097,974839,82.89,4999996.45,3827446345.92,43205465.11,544714.64,53648598.04,4898421.84,-48750176.2,9914875.61,4898421.84,488121.84,5000000.0,60559509378.49,2148008052.03,49.0623,0.011288,0.014017,51319632.26,0.0,0,0,0,0,0.0,0,3145974.91,1870478.86,935155,240942,755604,219235,80.8,90.991,37885121.09,15763476.95,3815416.74,1083005.1
br=0.1_btcRN=100000_ethRN=100000_flow=50%_start=d98_adl=on_emOff,False,0.5,98,True,0.1,15000.0,1384615385.0,100000.0,0.1,15000.0,923076923.0,100000.0,0.01,1176097,974839,82.89,4999992.8,4765557028.05,62314837.55,763635.08,75172002.14,7093536.72,-68078465.43,12117359.63,7093536.72,488121.84,5000000.0,88143469149.06,2148008052.03,38.7219,0.013076,0.015774,72842508.76,0.0,0,0,0,0,0.0,0,2984990.43,2038832.49,935155,240942,755604,219235,80.8,90.991,53086334.03,22085668.11,5569264.72,1524272.0
br=0.1_btcRN=100000_ethRN=100000_flow=50%_start=d98_adl=on_emOn,True,0.5,98,True,0.1,15000.0,1384615385.0,100000.0,0.1,15000.0,923076923.0,100000.0,0.01,1176097,974839,82.89,4999996.45,3827448235.12,43205425.75,544714.82,53648610.05,4898473.03,-48750137.02,9914926.92,4898473.03,488121.84,5000000.0,60559524565.43,2148008052.03,49.0623,0.011288,0.014017,51319618.74,0.0,0,0,0,0,0.0,0,3145981.7,1870472.19,935155,240942,755604,219235,80.8,90.991,37885129.48,15763480.57,3815443.16,1083029.87
br=0.1_btcRN=100000_ethRN=100000_flow=75%_start=d0_adl=off_emOff,False,0.75,0,False,0.1,15000.0,1384615385.0,100000.0,0.1,15000.0,923076923.0,100000.0,0.01,2700332,2246181,83.18,4999996.2,7856623917.6,184899889.41,2153803.52,211985246.9,19931557.77,-192053689.13,24999406.32,19931557.77,907873.33,5000000.0,262176512732.69,4795540136.89,13.2438,0.023534,0.026982,209743064.93,49.4,2,2,2,0,-0.0,0.0,1336140.08,3731708.47,1962778,737554,1571419,674762,80.061,91.486,128562288.7,83422958.19,13651790.32,6279767.45
br=0.1_btcRN=100000_ethRN=100000_flow=75%_start=d0_adl=off_emOn,True,0.75,0,False,0.1,15000.0,1384615385.0,100000.0,0.1,15000.0,923076923.0,100000.0,0.01,2700332,2246181,83.18,4999998.93,5868572550.99,93083740.05,1104772.58,108829497.27,9640985.7,-99188511.56,14673890.09,9640985.7,907873.33,5000000.0,127418846336.34,4795540136.89,28.0466,0.015861,0.018544,106590100.77,49.4,2,2,2,0,-0.0,0.0,1943908.67,3088995.72,1962778,737554,1571419,674762,80.061,91.486,61394760.32,47434736.95,6112997.75,3527987.96
br=0.1_btcRN=100000_ethRN=100000_flow=75%_start=d0_adl=on_emOff,False,0.75,0,True,0.1,15000.0,1384615385.0,100000.0,0.1,15000.0,923076923.0,100000.0,0.01,2700332,2246181,83.18,4999996.2,7856623917.6,184846048.54,2153864.25,211985246.9,19985337.91,-191999908.99,25053307.93,19985337.91,907873.33,5000000.0,262176512732.69,4795540136.89,13.2438,0.023527,0.026982,209743064.93,49.4,2,2,2,0,-0.0,0.0,1323360.6,3744609.42,1962778,737554,1571419,674762,80.061,91.486,128562288.7,83422958.19,13699837.6,6285500.31
br=0.1_btcRN=100000_ethRN=100000_flow=75%_start=d0_adl=on_emOn,True,0.75,0,True,0.1,15000.0,1384615385.0,100000.0,0.1,15000.0,923076923.0,100000.0,0.01,2700332,2246181,83.18,4999998.93,5868572550.99,93057417.65,1104802.27,108829497.27,9667278.41,-99162218.86,14700242.19,9667278.41,907873.33,5000000.0,127418846336.34,4795540136.89,28.0466,0.015857,0.018544,106590100.77,49.4,2,2,2,0,-0.0,0.0,1937734.37,3095229.41,1962778,737554,1571419,674762,80.061,91.486,61394760.32,47434736.95,6136455.26,3530823.15
br=0.1_btcRN=100000_ethRN=100000_flow=75%_start=d105_adl=off_emOff,False,0.75,105,False,0.1,15000.0,1384615385.0,100000.0,0.1,15000.0,923076923.0,100000.0,0.01,1692422,1401344,82.8,4999996.2,5826790133.85,91894507.98,1090040.52,107408064.17,9423519.47,-97984544.7,14455435.42,9423519.47,1228840.07,5000000.0,124948619192.63,3326991054.32,28.3958,0.015771,0.018433,105192732.53,0.0,0,0,0,0,0.0,0,2728381.85,2303534.11,1349789,342633,1089627,311717,80.726,90.977,76023650.14,31384414.03,7715694.03,1707825.44
br=0.1_btcRN=100000_ethRN=100000_flow=75%_start=d105_adl=off_emOn,True,0.75,105,False,0.1,15000.0,1384615385.0,100000.0,0.1,15000.0,923076923.0,100000.0,0.01,1692422,1401344,82.8,4999998.43,4518591276.74,57708314.89,701373.76,69161387.81,5751700.73,-63409687.07,10771218.92,5751700.73,1228840.07,5000000.0,76997561008.15,3326991054.32,41.2027,0.012771,0.015306,66946915.14,0.0,0,0,0,0,0.0,0,2995911.78,2023606.41,1349789,342633,1089627,311717,80.726,90.977,48968089.94,20193297.86,4737014.32,1014686.41
br=0.1_btcRN=100000_ethRN=100000_flow=75%_start=d105_adl=on_emOff,False,0.75,105,True,0.1,15000.0,1384615385.0,100000.0,0.1,15000.0,923076923.0,100000.0,0.01,1692422,1401344,82.8,4999996.2,5826790133.85,91894424.71,1090040.61,107408064.17,9423602.64,-97984461.52,14455518.78,9423602.64,1228840.07,5000000.0,124948619192.63,3326991054.32,28.3958,0.015771,0.018433,105192732.53,0.0,0,0,0,0,0.0,0,2728382.02,2303534.12,1349789,342633,1089627,311717,80.726,90.977,76023650.14,31384414.03,7715772.88,1707829.76
br=0.1_btcRN=100000_ethRN=100000_flow=75%_start=d105_adl=on_emOn,True,0.75,105,True,0.1,15000.0,1384615385.0,100000.0,0.1,15000.0,923076923.0,100000.0,0.01,1692422,1401344,82.8,4999998.43,4518591276.74,57708255.79,701373.82,69161387.81,5751759.76,-63409628.05,10771278.08,5751759.76,1228840.07,5000000.0,76997561008.15,3326991054.32,41.2027,0.012771,0.015306,66946915.14,0.0,0,0,0,0,0.0,0,2995911.91,2023606.41,1349789,342633,1089627,311717,80.726,90.977,48968089.94,20193297.86,4737071.48,1014688.28
br=0.1_btcRN=100000_ethRN=100000_flow=75%_start=d112_adl=off_emOff,False,0.75,112,False,0.1,15000.0,1384615385.0,100000.0,0.1,15000.0,923076923.0,100000.0,0.01,1603093,1322625,82.5,4999996.2,5641276859.59,86309719.41,1027092.82,101207165.65,8870357.23,-92336808.43,13900395.75,8870357.23,1696503.55,5000000.0,117505986890.88,3326991054.32,30.0092,0.0153,0.01794,99055580.25,0.0,0,0,0,0,0.0,0,2750992.69,2279045.84,1283365,319728,1032388,290237,80.444,90.776,71630390.87,29576774.78,7216171.56,1654185.66
br=0.1_btcRN=100000_ethRN=100000_flow=75%_start=d112_adl=off_emOn,True,0.75,112,False,0.1,15000.0,1384615385.0,100000.0,0.1,15000.0,923076923.0,100000.0,0.01,1603093,1322625,82.5,4999998.38,4395182788.48,55118564.7,672342.56,66299481.08,5508575.45,-60790905.63,10527269.32,5508575.45,1696503.55,5000000.0,73692282866.4,3326991054.32,42.4644,0.012541,0.015085,64148681.1,0.0,0,0,0,0,0.0,0,2993877.05,2024816.82,1283365,319728,1032388,290237,80.444,90.776,46891208.28,19408272.8,4492566.87,1016008.58
br=0.1_btcRN=100000_ethRN=100000_flow=75%_start=d112_adl=on_emOff,False,0.75,112,True,0.1,15000.0,1384615385.0,100000.0,0.1,15000.0,923076923.0,100000.0,0.01,1603093,1322625,82.5,4999996.2,5641276859.59,86309636.14,1027092.91,101207165.65,8870440.4,-92336725.25,13900479.11,8870440.4,1696503.55,5000000.0,117505986890.88,3326991054.32,30.0092,0.0153,0.01794,99055580.25,0.0,0,0,0,0,0.0,0,2750992.86,2279045.85,1283365,319728,1032388,290237,80.444,90.776,71630390.87,29576774.78,7216250.41,1654189.99
br=0.1_btcRN=100000_ethRN=100000_flow=75%_start=d112_adl=on_emOn,True,0.75,112,True,0.1,15000.0,1384615385.0,100000.0,0.1,15000.0,923076923.0,100000.0,0.01,1603093,1322625,82.5,4999998.38,4395182788.48,55118501.45,672342.63,66299481.08,5508638.62,-60790842.46,10527332.63,5508638.62,1696503.55,5000000.0,73692282866.4,3326991054.32,42.4644,0.012541,0.015085,64148681.1,0.0,0,0,0,0,0.0,0,2993877.19,2024816.82,1283365,319728,1032388,290237,80.444,90.776,46891208.28,19408272.8,4492628.11,1016010.51
br=0.1_btcRN=100000_ethRN=100000_flow=75%_start=d119_adl=off_emOff,False,0.75,119,False,0.1,15000.0,1384615385.0,100000.0,0.1,15000.0,923076923.0,100000.0,0.01,1527636,1256265,82.24,4999996.2,5465487954.11,81040403.13,968027.59,95387512.67,8379085.75,-87008426.92,13407386.87,8379085.75,643433.9,5000000.0,110792056224.14,2929270606.08,31.6852,0.014828,0.017453,93183075.39,0.0,0,0,0,0,0.0,0,2802586.61,2225714.51,1225929,301707,982536,273729,80.146,90.727,67555152.7,27832359.97,6794034.64,1585051.11
br=0.1_btcRN=100000_ethRN=100000_flow=75%_start=d119_adl=off_emOn,True,0.75,119,False,0.1,15000.0,1384615385.0,100000.0,0.1,15000.0,923076923.0,100000.0,0.01,1527636,1256265,82.24,4999998.33,4282178309.75,52654434.89,645051.87,63608080.15,5308595.05,-58299485.1,10326535.52,5308595.05,643433.9,5000000.0,70869057367.42,2929270606.08,43.759,0.012296,0.014854,61404358.84,0.0,0,0,0,0,0.0,0,3014860.36,2003080.11,1225929,301707,982536,273729,80.146,90.727,44983939.88,18624140.27,4307640.37,1000954.68
br=0.1_btcRN=100000_ethRN=100000_flow=75%_start=d119_adl=on_emOff,False,0.75,119,True,0.1,15000.0,1384615385.0,100000.0,0.1,15000.0,923076923.0,100000.0,0.01,1527636,1256265,82.24,4999996.2,5465487954.11,81040319.87,968027.68,95387512.67,8379168.92,-87008343.75,13407470.23,8379168.92,643433.9,5000000.0,110792056224.14,2929270606.08,31.6852,0.014828,0.017453,93183075.39,0.0,0,0,0,0,0.0,0,2802586.78,2225714.52,1225929,301707,982536,273729,80.146,90.727,67555152.7,27832359.97,6794113.49,1585055.44
br=0.1_btcRN=100000_ethRN=100000_flow=75%_start=d119_adl=on_emOn,True,0.75,119,True,0.1,15000.0,1384615385.0,100000.0,0.1,15000.0,923076923.0,100000.0,0.01,1527636,1256265,82.24,4999998.33,4282178309.75,52654366.95,645051.95,63608080.15,5308662.92,-58299417.23,10326603.54,5308662.92,643433.9,5000000.0,70869057367.42,2929270606.08,43.759,0.012296,0.014854,61404358.84,0.0,0,0,0,0,0.0,0,3014860.51,2003080.12,1225929,301707,982536,273729,80.146,90.727,44983939.88,18624140.27,4307706.24,1000956.67
br=0.1_btcRN=100000_ethRN=100000_flow=75%_start=d126_adl=off_emOff,False,0.75,126,False,0.1,15000.0,1384615385.0,100000.0,0.1,15000.0,923076923.0,100000.0,0.01,1453002,1196039,82.32,4999996.2,5329318918.42,76952333.17,921809.81,90838021.01,7963881.83,-82874139.18,12990737.23,7963881.83,583927.44,5000000.0,105809372767.37,2929270606.08,33.1349,0.014439,0.017045,88467393.55,0.0,0,0,0,0,0.0,0,2736565.36,2290290.03,1170390,282612,938155,257884,80.157,91.25,64294323.57,26543697.45,6444795.61,1519086.22
br=0.1_btcRN=100000_ethRN=100000_flow=75%_start=d126_adl=off_emOn,True,0.75,126,False,0.1,15000.0,1384615385.0,100000.0,0.1,15000.0,923076923.0,100000.0,0.01,1453002,1196039,82.32,4999998.29,4198395229.13,50767707.81,623709.0,61508338.2,5116923.11,-56391415.09,10134172.63,5116923.11,583927.44,5000000.0,68980503736.27,2929270606.08,44.873,0.012092,0.01465,59138372.35,0.0,0,0,0,0,0.0,0,2945056.91,2072192.6,1170390,282612,938155,257884,80.157,91.25,43415804.52,18092533.68,4138160.68,978762.43
br=0.1_btcRN=100000_ethRN=100000_flow=75%_start=d126_adl=on_emOff,False,0.75,126,True,0.1,15000.0,1384615385.0,100000.0,0.1,15000.0,923076923.0,100000.0,0.01,1453002,1196039,82.32,4999996.2,5329318918.42,76952249.91,921809.9,90838021.01,7963965.01,-82874056.01,12990820.59,7963965.01,583927.44,5000000.0,105809372767.37,2929270606.08,33.1349,0.014439,0.017045,88467393.55,0.0,0,0,0,0,0.0,0,2736565.54,2290290.04,1170390,282612,938155,257884,80.157,91.25,64294323.57,26543697.45,6444874.47,1519090.54
br=0.1_btcRN=100000_ethRN=100000_flow=75%_start=d126_adl=on_emOn,True,0.75,126,True,0.1,15000.0,1384615385.0,100000.0,0.1,15000.0,923076923.0,100000.0,0.01,1453002,1196039,82.32,4999998.29,4198395229.13,50767635.42,623709.08,61508338.2,5116995.41,-56391342.79,10134245.09,5116995.41,583927.44,5000000.0,68980503736.27,2929270606.08,44.873,0.012092,0.01465,59138372.35,0.0,0,0,0,0,0.0,0,2945056.62,2072193.06,1170390,282612,938155,257884,80.157,91.25,43415804.52,18092533.68,4138230.93,978764.48
br=0.1_btcRN=100000_ethRN=100000_flow=75%_start=d133_adl=off_emOff,False,0.75,133,False,0.1,15000.0,1384615385.0,100000.0,0.1,15000.0,923076923.0,100000.0,0.01,1390916,1142949,82.17,4999996.2,5164331552.67,72946606.33,875958.12,86324924.14,7502363.5,-78822560.65,12527777.45,7502363.5,487296.15,5000000.0,100612764167.58,2929270606.08,34.5547,0.014125,0.016716,84139933.39,0.0,0,0,0,0,0.0,0,2810395.21,2215018.75,1125671,265245,901077,241872,80.048,91.188,61237101.19,25087822.96,6041304.18,1461059.32
br=0.1_btcRN=100000_ethRN=100000_flow=75%_start=d133_adl=off_emOn,True,0.75,133,False,0.1,15000.0,1384615385.0,100000.0,0.1,15000.0,923076923.0,100000.0,0.01,1390916,1142949,82.17,4999998.25,4083120096.08,48737916.58,600173.71,59193015.11,4854926.57,-54338088.54,9871411.94,4854926.57,487296.15,5000000.0,66578069685.0,2929270606.08,45.9593,0.011936,0.014497,57008635.5,0.0,0,0,0,0,0.0,0,3000944.35,2015541.02,1125671,265245,901077,241872,80.048,91.188,41884842.7,17308172.41,3893729.22,961197.35
br=0.1_btcRN=100000_ethRN=100000_flow=75%_start=d133_adl=on_emOff,False,0.75,133,True,0.1,15000.0,1384615385.0,100000.0,0.1,15000.0,923076923.0,100000.0,0.01,1390916,1142949,82.17,4999996.2,5164331552.67,72946523.51,875958.21,86324924.14,7502446.22,-78822477.93,12527860.36,7502446.22,487296.15,5000000.0,100612764167.58,2929270606.08,34.5547,0.014125,0.016716,84139933.39,0.0,0,0,0,0,0.0,0,2810316.81,2215097.33,1125671,265245,901077,241872,80.048,91.188,61237101.19,25087822.96,6041382.57,1461063.64
br=0.1_btcRN=100000_ethRN=100000_flow=75%_start=d133_adl=on_emOn,True,0.75,133,True,0.1,15000.0,1384615385.0,100000.0,0.1,15000.0,923076923.0,100000.0,0.01,1390916,1142949,82.17,4999998.25,4083120096.08,48737839.93,600173.8,59193015.11,4855003.13,-54338011.97,9871488.67,4855003.13,487296.15,5000000.0,66578069685.0,2929270606.08,45.9593,0.011936,0.014497,57008635.5,0.0,0,0,0,0,0.0,0,3000944.51,2015541.03,1125671,265245,901077,241872,80.048,91.188,41884842.7,17308172.41,3893803.68,961199.45
br=0.1_btcRN=100000_ethRN=100000_flow=75%_start=d140_adl=off_emOff,False,0.75,140,False,0.1,15000.0,1384615385.0,100000.0,0.1,15000.0,923076923.0,100000.0,0.01,1331636,1091205,81.94,4999996.2,5012316711.09,68982686.58,832531.42,82033054.74,7217840.54,-74815214.2,12242238.49,7217840.54,645475.22,5000000.0,95681714075.11,2929270606.08,36.0518,0.013763,0.016366,79856400.27,0.0,0,0,0,0,0.0,0,2798499.86,2225898.1,1082672,248964,864278,226927,79.828,91.149,58351441.71,23681613.03,5820857.32,1396983.21
br=0.1_btcRN=100000_ethRN=100000_flow=75%_start=d140_adl=off_emOn,True,0.75,140,False,0.1,15000.0,1384615385.0,100000.0,0.1,15000.0,923076923.0,100000.0,0.01,1331636,1091205,81.94,4999998.2,3981664079.75,46673510.63,578292.58,57021946.48,4770145.06,-52251801.41,9786289.5,4770145.06,645475.22,5000000.0,64374618587.5,2929270606.08,47.1034,0.011722,0.014321,54845851.67,0.0,0,0,0,0,0.0,0,2974681.08,2041463.35,1082672,248964,864278,226927,79.828,91.149,40480409.08,16541537.39,3832889.36,937255.7
br=0.1_btcRN=100000_ethRN=100000_flow=75%_start=d140_adl=on_emOff,False,0.75,140,True,0.1,15000.0,1384615385.0,100000.0,0.1,15000.0,923076923.0,100000.0,0.01,1331636,1091205,81.94,4999996.2,5012321735.48,68982603.77,832531.52,82033054.74,7217923.26,-74815131.48,12242321.39,7217923.26,645475.22,5000000.0,95681714075.11,2929270606.08,36.0518,0.013763,0.016366,79856321.7,0.0,0,0,0,0,0.0,0,2798500.03,2225898.11,1082672,248964,864278,226927,79.828,91.149,58351441.71,23681613.03,5820935.72,1396987.53
br=0.1_btcRN=100000_ethRN=100000_flow=75%_start=d140_adl=on_emOn,True,0.75,140,True,0.1,15000.0,1384615385.0,100000.0,0.1,15000.0,923076923.0,100000.0,0.01,1331636,1091205,81.94,4999998.2,3981670052.5,46673464.48,578293.06,57021985.05,4770229.3,-52251755.74,9786373.93,4770229.3,645475.22,5000000.0,64374667886.75,2929270606.08,47.1034,0.011722,0.014321,54845811.67,0.0,0,0,0,0,0.0,0,2974680.04,2041464.59,1082672,248964,864278,226927,79.828,91.149,40480436.13,16541548.92,3832970.7,937258.6
br=0.1_btcRN=100000_ethRN=100000_flow=75%_start=d147_adl=off_emOff,False,0.75,147,False,0.1,15000.0,1384615385.0,100000.0,0.1,15000.0,923076923.0,100000.0,0.01,1290730,1057129,81.9,4999996.2,4914599894.35,66206961.53,802313.49,79044847.78,7035576.55,-72009271.23,12059302.79,7035576.55,448244.84,5000000.0,91979403281.39,2929270606.08,37.2246,0.013471,0.016084,76682847.94,0.0,0,0,0,0,0.0,0,2782336.14,2241390.1,1050982,239748,838562,218567,79.788,91.165,56376941.78,22667906.0,5671223.1,1364353.46
br=0.1_btcRN=100000_ethRN=100000_flow=75%_start=d147_adl=off_emOn,True,0.75,147,False,0.1,15000.0,1384615385.0,100000.0,0.1,15000.0,923076923.0,100000.0,0.01,1290730,1057129,81.9,4999998.17,3922978442.54,45285517.29,563813.89,55583037.1,4733707.74,-50849329.35,9749672.96,4733707.74,448244.84,5000000.0,62647392378.67,2929270606.08,47.9909,0.011544,0.014169,53221559.75,0.0,0,0,0,0,0.0,0,2934794.51,2081170.71,1050982,239748,838562,218567,79.788,91.165,39594470.93,15988566.17,3800124.2,933583.54
br=0.1_btcRN=100000_ethRN=100000_flow=75%_start=d147_adl=on_emOff,False,0.75,147,True,0.1,15000.0,1384615385.0,100000.0,0.1,15000.0,923076923.0,100000.0,0.01,1290730,1057129,81.9,4999996.2,4914599894.35,66206957.2,802313.5,79044847.78,7035580.88,-72009266.9,12059307.12,7035580.88,448244.84,5000000.0,91979403281.39,2929270606.08,37.2246,0.013471,0.016084,76682847.94,0.0,0,0,0,0,0.0,0,2782336.14,2241390.11,1050982,239748,838562,218567,79.788,91.165,56376941.78,22667906.0,5671223.1,1364357.78
br=0.1_btcRN=100000_ethRN=100000_flow=75%_start=d147_adl=on_emOn,True,0.75,147,True,0.1,15000.0,1384615385.0,100000.0,0.1,15000.0,923076923.0,100000.0,0.01,1290730,1057129,81.9,4999998.17,3922978442.54,45285515.08,563813.9,55583037.1,4733709.95,-50849327.15,9749675.17,4733709.95,448244.84,5000000.0,62647392378.67,2929270606.08,47.9909,0.011544,0.014169,53221559.75,0.0,0,0,0,0,0.0,0,2934794.51,2081170.71,1050982,239748,838562,218567,79.788,91.165,39594470.93,15988566.17,3800124.2,933585.75
br=0.1_btcRN=100000_ethRN=100000_flow=75%_start=d14_adl=off_emOff,False,0.75,14,False,0.1,15000.0,1384615385.0,100000.0,0.1,15000.0,923076923.0,100000.0,0.01,2585358,2144745,82.96,4999996.2,7663601615.92,170701092.8,1994570.8,196296531.05,18600871.25,-177695659.81,23664078.43,18600871.25,1252416.99,5000000.0,241069121698.95,4795540136.89,14.6274,0.022274,0.025614,193760381.76,0.0,0,0,0,0,0.0,0,545604.34,4517602.84,1911279,674079,1529139,615606,80.006,91.325,122097911.64,74198619.41,12973957.02,5626914.23
br=0.1_btcRN=100000_ethRN=100000_flow=75%_start=d14_adl=off_emOn,True,0.75,14,False,0.1,15000.0,1384615385.0,100000.0,0.1,15000.0,923076923.0,100000.0,0.01,2585358,2144745,82.96,4999998.88,5743789867.88,88267101.6,1053593.03,103755619.68,9434926.17,-94320693.51,14466998.71,9434926.17,1252416.99,5000000.0,121392532842.51,4795540136.89,29.4243,0.015367,0.018064,101221899.15,0.0,0,0,0,0,0.0,0,1106947.67,3925124.87,1911279,674079,1529139,615606,80.006,91.325,60345201.45,43410418.23,6070096.66,3364829.51
br=0.1_btcRN=100000_ethRN=100000_flow=75%_start=d14_adl=on_emOff,False,0.75,14,True,0.1,15000.0,1384615385.0,100000.0,0.1,15000.0,923076923.0,100000.0,0.01,2585358,2144745,82.96,4999996.2,7663601615.92,170647251.93,1994631.53,196296531.05,18654651.39,-177641879.66,23717980.03,18654651.39,1252416.99,5000000.0,241069121698.95,4795540136.89,14.6274,0.022267,0.025614,193760381.76,0.0,0,0,0,0,0.0,0,532824.86,4530503.78,1911279,674079,1529139,615606,80.006,91.325,122097911.64,74198619.41,13022004.3,5632647.09
br=0.1_btcRN=100000_ethRN=100000_flow=75%_start=d14_adl=on_emOn,True,0.75,14,True,0.1,15000.0,1384615385.0,100000.0,0.1,15000.0,923076923.0,100000.0,0.01,2585358,2144745,82.96,4999998.88,5743789867.88,88237658.85,1053626.24,103755619.68,9464335.7,-94291283.98,14496474.67,9464335.7,1252416.99,5000000.0,121392532842.51,4795540136.89,29.4243,0.015362,0.018064,101221899.15,0.0,0,0,0,0,0.0,0,1100053.55,3932085.42,1911279,674079,1529139,615606,80.006,91.325,60345201.45,43410418.23,6096329.59,3368006.11
br=0.1_btcRN=100000_ethRN=100000_flow=75%_start=d154_adl=off_emOff,False,0.75,154,False,0.1,15000.0,1384615385.0,100000.0,0.1,15000.0,923076923.0,100000.0,0.01,1256959,1030338,81.97,4999996.2,4822887463.33,64211975.52,778672.38,76728666.89,6738022.78,-69990644.1,11760790.4,6738022.78,604069.49,5000000.0,89207507076.81,2929270606.08,38.0887,0.013314,0.015909,74438978.82,0.0,0,0,0,0,0.0,0,2894756.21,2128011.41,1024227,232732,817789,212549,79.845,91.328,54828578.54,21900088.35,5446677.84,1291344.94
br=0.1_btcRN=100000_ethRN=100000_flow=75%_start=d154_adl=off_emOn,True,0.75,154,False,0.1,15000.0,1384615385.0,100000.0,0.1,15000.0,923076923.0,100000.0,0.01,1256959,1030338,81.97,4999998.14,3859498519.7,44261110.51,551133.87,54346354.7,4534112.18,-49812242.52,9549450.98,4534112.18,604069.49,5000000.0,61246760990.99,2929270606.08,48.6426,0.011468,0.014081,52057165.86,0.0,0,0,0,0,0.0,0,3053951.23,1961387.56,1024227,232732,817789,212549,79.845,91.328,38809848.74,15536505.96,3653865.49,880246.69
br=0.1_btcRN=100000_ethRN=100000_flow=75%_start=d154_adl=on_emOff,False,0.75,154,True,0.1,15000.0,1384615385.0,100000.0,0.1,15000.0,923076923.0,100000.0,0.01,1256959,1030338,81.97,4999996.2,4822887463.33,64211971.2,778672.38,76728666.89,6738027.11,-69990639.78,11760794.74,6738027.11,604069.49,5000000.0,89207507076.81,2929270606.08,38.0887,0.013314,0.015909,74438978.82,0.0,0,0,0,0,0.0,0,2894756.21,2128011.42,1024227,232732,817789,212549,79.845,91.328,54828578.54,21900088.35,5446677.84,1291349.27
br=0.1_btcRN=100000_ethRN=100000_flow=75%_start=d154_adl=on_emOn,True,0.75,154,True,0.1,15000.0,1384615385.0,100000.0,0.1,15000.0,923076923.0,100000.0,0.01,1256959,1030338,81.97,4999998.14,3859498519.7,44261108.26,551133.88,54346354.7,4534114.42,-49812240.28,9549453.22,4534114.42,604069.49,5000000.0,61246760990.99,2929270606.08,48.6426,0.011468,0.014081,52057165.86,0.0,0,0,0,0,0.0,0,3053951.23,1961387.57,1024227,232732,817789,212549,79.845,91.328,38809848.74,15536505.96,3653865.49,880248.93
br=0.1_btcRN=100000_ethRN=100000_flow=75%_start=d161_adl=off_emOff,False,0.75,161,False,0.1,15000.0,1384615385.0,100000.0,0.1,15000.0,923076923.0,100000.0,0.01,1206093,987582,81.88,4999996.2,4666802384.19,60716665.35,738590.7,72788494.69,6333242.43,-66455252.25,11354650.14,6333242.43,508847.44,5000000.0,84048823903.37,2929270606.08,39.6604,0.01301,0.015597,70547189.67,0.0,0,0,0,0,0.0,0,3188997.23,1832410.48,984403,221690,784920,202662,79.736,91.417,52210341.58,20578153.11,5137535.8,1195706.64
br=0.1_btcRN=100000_ethRN=100000_flow=75%_start=d161_adl=off_emOn,True,0.75,161,False,0.1,15000.0,1384615385.0,100000.0,0.1,15000.0,923076923.0,100000.0,0.01,1206093,987582,81.88,4999998.1,3753463985.1,42417705.88,529692.18,52242183.1,4294786.93,-47947396.17,9309325.73,4294786.93,508847.44,5000000.0,58401083334.27,2929270606.08,49.8262,0.011301,0.013918,50001339.53,0.0,0,0,0,0,0.0,0,3327811.9,1686726.9,984403,221690,784920,202662,79.736,91.417,37497806.03,14744377.07,3478282.98,816503.94
br=0.1_btcRN=100000_ethRN=100000_flow=75%_start=d161_adl=on_emOff,False,0.75,161,True,0.1,15000.0,1384615385.0,100000.0,0.1,15000.0,923076923.0,100000.0,0.01,1206093,987582,81.88,4999996.2,4666802384.19,60716661.02,738590.7,72788494.69,6333246.76,-66455247.93,11354654.48,6333246.76,508847.44,5000000.0,84048823903.37,2929270606.08,39.6604,0.01301,0.015597,70547189.67,0.0,0,0,0,0,0.0,0,3188997.23,1832410.49,984403,221690,784920,202662,79.736,91.417,52210341.58,20578153.11,5137535.8,1195710.96
br=0.1_btcRN=100000_ethRN=100000_flow=75%_start=d161_adl=on_emOn,True,0.75,161,True,0.1,15000.0,1384615385.0,100000.0,0.1,15000.0,923076923.0,100000.0,0.01,1206093,987582,81.88,4999998.1,3753463985.1,42417703.58,529692.19,52242183.1,4294789.23,-47947393.87,9309328.04,4294789.23,508847.44,5000000.0,58401083334.27,2929270606.08,49.8262,0.011301,0.013918,50001339.53,0.0,0,0,0,0,0.0,0,3327811.9,1686726.91,984403,221690,784920,202662,79.736,91.417,37497806.03,14744377.07,3478282.98,816506.24
br=0.1_btcRN=100000_ethRN=100000_flow=75%_start=d168_adl=off_emOff,False,0.75,168,False,0.1,15000.0,1384615385.0,100000.0,0.1,15000.0,923076923.0,100000.0,0.01,1159311,947656,81.74,4999996.2,4526814193.0,57562310.2,702821.76,69268191.45,6003063.29,-63265128.16,11023339.19,6003063.29,403021.65,5000000.0,80082804209.6,2929270606.08,41.1843,0.012716,0.015302,66988677.28,0.0,0,0,0,0,0.0,0,2711313.07,2308962.83,947283,212028,753734,193922,79.568,91.461,49667227.67,19600963.79,4875277.14,1127786.15
br=0.1_btcRN=100000_ethRN=100000_flow=75%_start=d168_adl=off_emOn,True,0.75,168,False,0.1,15000.0,1384615385.0,100000.0,0.1,15000.0,923076923.0,100000.0,0.01,1159311,947656,81.74,4999998.05,3660183767.35,40733269.79,510483.93,50353540.39,4109788.61,-46243751.77,9123683.71,4109788.61,403021.65,5000000.0,56508357708.41,2929270606.08,50.9752,0.011129,0.013757,48074456.07,0.0,0,0,0,0,0.0,0,2837823.54,2176071.56,947283,212028,753734,193922,79.568,91.461,36112783.56,14240756.83,3333700.58,776088.03
br=0.1_btcRN=100000_ethRN=100000_flow=75%_start=d168_adl=on_emOff,False,0.75,168,True,0.1,15000.0,1384615385.0,100000.0,0.1,15000.0,923076923.0,100000.0,0.01,1159311,947656,81.74,4999996.2,4526814193.0,57562305.87,702821.77,69268191.45,6003067.61,-63265123.84,11023343.52,6003067.61,403021.65,5000000.0,80082804209.6,2929270606.08,41.1843,0.012716,0.015302,66988677.28,0.0,0,0,0,0,0.0,0,2711313.07,2308962.84,947283,212028,753734,193922,79.568,91.461,49667227.67,19600963.79,4875277.14,1127790.48
br=0.1_btcRN=100000_ethRN=100000_flow=75%_start=d168_adl=on_emOn,True,0.75,168,True,0.1,15000.0,1384615385.0,100000.0,0.1,15000.0,923076923.0,100000.0,0.01,1159311,947656,81.74,4999998.05,3660183767.35,40733267.43,510483.93,50353540.39,4109790.97,-46243749.42,9123686.08,4109790.97,403021.65,5000000.0,56508357708.41,2929270606.08,50.9752,0.011129,0.013757,48074456.07,0.0,0,0,0,0,0.0,0,2837823.54,2176071.56,947283,212028,753734,193922,79.568,91.461,36112783.56,14240756.83,3333700.58,776090.39
br=0.1_btcRN=100000_ethRN=100000_flow=75%_start=d175_adl=off_emOff,False,0.75,175,False,0.1,15000.0,1384615385.0,100000.0,0.1,15000.0,923076923.0,100000.0,0.01,1105896,905767,81.9,4999996.2,4357882434.32,54066726.54,662688.43,65324638.71,5595227.54,-59729411.17,10614107.83,5595227.54,689502.26,5000000.0,75301979876.51,2929270606.08,42.953,0.012407,0.01499,63098280.39,0.0,0,0,0,0,0.0,0,2618882.34,2399997.95,904982,200914,721984,183783,79.779,91.473,47032158.84,18292479.88,4567160.57,1028066.97
br=0.1_btcRN=100000_ethRN=100000_flow=75%_start=d175_adl=off_emOn,True,0.75,175,False,0.1,15000.0,1384615385.0,100000.0,0.1,15000.0,923076923.0,100000.0,0.01,1105896,905767,81.9,4999998.0,3543866003.57,38811842.12,488005.29,48150474.98,3850629.57,-44299845.41,8863628.64,3850629.57,689502.26,5000000.0,53918798995.21,2929270606.08,52.3048,0.010952,0.013587,45924515.87,0.0,0,0,0,0,0.0,0,2722229.19,2290769.89,904982,200914,721984,183783,79.779,91.473,34721960.5,13428514.48,3147303.36,703326.21
br=0.1_btcRN=100000_ethRN=100000_flow=75%_start=d175_adl=on_emOff,False,0.75,175,True,0.1,15000.0,1384615385.0,100000.0,0.1,15000.0,923076923.0,100000.0,0.01,1105896,905767,81.9,4999996.2,4357882434.32,54066722.21,662688.43,65324638.71,5595231.87,-59729406.85,10614112.16,5595231.87,689502.26,5000000.0,75301979876.51,2929270606.08,42.953,0.012407,0.01499,63098280.39,0.0,0,0,0,0,0.0,0,2618882.34,2399997.96,904982,200914,721984,183783,79.779,91.473,47032158.84,18292479.88,4567160.57,1028071.29
br=0.1_btcRN=100000_ethRN=100000_flow=75%_start=d175_adl=on_emOn,True,0.75,175,True,0.1,15000.0,1384615385.0,100000.0,0.1,15000.0,923076923.0,100000.0,0.01,1105896,905767,81.9,4999998.0,3543866003.57,38811839.69,488005.29,48150474.98,3850631.99,-44299842.99,8863631.08,3850631.99,689502.26,5000000.0,53918798995.21,2929270606.08,52.3048,0.010952,0.013587,45924515.87,0.0,0,0,0,0,0.0,0,2722229.19,2290769.89,904982,200914,721984,183783,79.779,91.473,34721960.5,13428514.48,3147303.36,703328.63
br=0.1_btcRN=100000_ethRN=100000_flow=75%_start=d182_adl=off_emOff,False,0.75,182,False,0.1,15000.0,1384615385.0,100000.0,0.1,15000.0,923076923.0,100000.0,0.01,1058276,865345,81.77,4999996.2,4160004339.66,50097543.78,617956.15,60918121.25,5202625.12,-55715496.13,10220171.19,5202625.12,1022584.42,5000000.0,69417342036.15,2929270606.08,45.0613,0.012043,0.014644,58763666.8,0.0,0,0,0,0,0.0,0,2993993.11,2023552.96,867949,190327,691246,174099,79.641,91.474,44400164.08,16517957.16,4216966.91,985658.21
br=0.1_btcRN=100000_ethRN=100000_flow=75%_start=d182_adl=off_emOn,True,0.75,182,False,0.1,15000.0,1384615385.0,100000.0,0.1,15000.0,923076923.0,100000.0,0.01,1058276,865345,81.77,4999997.94,3406216235.39,36543621.65,462308.73,45621107.66,3615179.34,-42005928.32,8627372.58,3615179.34,1022584.42,5000000.0,50349859057.56,2929270606.08,53.8893,0.010729,0.013393,43467021.66,0.0,0,0,0,0,0.0,0,3104200.59,1907992.65,867949,190327,691246,174099,79.641,91.474,33445770.51,12175337.15,2924173.24,691006.1
br=0.1_btcRN=100000_ethRN=100000_flow=75%_start=d182_adl=on_emOff,False,0.75,182,True,0.1,15000.0,1384615385.0,100000.0,0.1,15000.0,923076923.0,100000.0,0.01,1058276,865345,81.77,4999996.2,4160004339.66,50097539.45,617956.15,60918121.25,5202629.44,-55715491.8,10220175.52,5202629.44,1022584.42,5000000.0,69417342036.15,2929270606.08,45.0613,0.012043,0.014644,58763666.8,0.0,0,0,0,0,0.0,0,2993993.11,2023552.97,867949,190327,691246,174099,79.641,91.474,44400164.08,16517957.16,4216966.91,985662.53
br=0.1_btcRN=100000_ethRN=100000_flow=75%_start=d182_adl=on_emOn,True,0.75,182,True,0.1,15000.0,1384615385.0,100000.0,0.1,15000.0,923076923.0,100000.0,0.01,1058276,865345,81.77,4999997.94,3406216235.39,36543619.14,462308.73,45621107.66,3615181.85,-42005925.81,8627375.09,3615181.85,1022584.42,5000000.0,50349859057.56,2929270606.08,53.8893,0.010729,0.013393,43467021.66,0.0,0,0,0,0,0.0,0,3104200.59,1907992.66,867949,190327,691246,174099,79.641,91.474,33445770.51,12175337.15,2924173.24,691008.6
br=0.1_btcRN=100000_ethRN=100000_flow=75%_start=d189_adl=off_emOff,False,0.75,189,False,0.1,15000.0,1384615385.0,100000.0,0.1,15000.0,923076923.0,100000.0,0.01,951437,764888,80.39,4999996.2,3801286553.26,42943083.13,540684.85,53257245.46,4773481.28,-48483764.18,9789702.27,4773481.28,1308111.05,5000000.0,60941407069.13,2665290272.87,49.2088,0.011297,0.01401,51064543.29,0.0,0,0,0,0,0.0,0,3517938.75,1498282.24,785820,165617,614540,150348,78.204,90.781,39012441.23,14244804.23,3904796.98,868684.31
br=0.1_btcRN=100000_ethRN=100000_flow=75%_start=d189_adl=off_emOn,True,0.75,189,False,0.1,15000.0,1384615385.0,100000.0,0.1,15000.0,923076923.0,100000.0,0.01,951437,764888,80.39,4999997.82,3158182924.83,32235196.11,417062.84,41115617.02,3463360.25,-37652256.77,8475171.41,3463360.25,1308111.05,5000000.0,45786518845.74,2665290272.87,57.0148,0.010207,0.013019,38923225.13,0.0,0,0,0,0,0.0,0,3605506.73,1406304.42,785820,165617,614540,150348,78.204,90.781,30345651.79,10769965.23,2838569.17,624791.07
br=0.1_btcRN=100000_ethRN=100000_flow=75%_start=d189_adl=on_emOff,False,0.75,189,True,0.1,15000.0,1384615385.0,100000.0,0.1,15000.0,923076923.0,100000.0,0.01,951437,764888,80.39,4999996.2,3801286553.26,42943078.81,540684.85,53257245.46,4773485.61,-48483759.86,9789706.6,4773485.61,1308111.05,5000000.0,60941407069.13,2665290272.87,49.2088,0.011297,0.01401,51064543.29,0.0,0,0,0,0,0.0,0,3517938.75,1498282.25,785820,165617,614540,150348,78.204,90.781,39012441.23,14244804.23,3904796.98,868688.63
br=0.1_btcRN=100000_ethRN=100000_flow=75%_start=d189_adl=on_emOn,True,0.75,189,True,0.1,15000.0,1384615385.0,100000.0,0.1,15000.0,923076923.0,100000.0,0.01,951437,764888,80.39,4999997.82,3158182924.83,32235193.44,417062.84,41115617.02,3463362.92,-37652254.1,8475174.09,3463362.92,1308111.05,5000000.0,45786518845.74,2665290272.87,57.0148,0.010207,0.013019,38923225.13,0.0,0,0,0,0,0.0,0,3605506.73,1406304.43,785820,165617,614540,150348,78.204,90.781,30345651.79,10769965.23,2838569.17,624793.75
br=0.1_btcRN=100000_ethRN=100000_flow=75%_start=d196_adl=off_emOff,False,0.75,196,False,0.1,15000.0,1384615385.0,100000.0,0.1,15000.0,923076923.0,100000.0,0.01,866441,685988,79.17,4999996.2,3543790933.25,38225176.98,489654.28,48202828.43,4488000.96,-43714827.46,9503249.16,4488000.96,392987.93,5000000.0,55248569919.44,2146434422.52,52.235,0.010787,0.013602,46035346.96,0.0,0,0,0,0,0.0,0,3463670.43,1551577.77,716919,149522,550800,135188,76.829,90.413,35095764.1,13107064.32,3656906.74,831094.22
br=0.1_btcRN=100000_ethRN=100000_flow=75%_start=d196_adl=off_emOn,True,0.75,196,False,0.1,15000.0,1384615385.0,100000.0,0.1,15000.0,923076923.0,100000.0,0.01,866441,685988,79.17,4999997.73,2975718120.0,29249494.47,385689.51,37995770.96,3360589.24,-34635181.72,8372050.58,3360589.24,392987.93,5000000.0,42529015665.35,2146434422.52,59.3019,0.009829,0.012769,35828558.35,0.0,0,0,0,0,0.0,0,3530614.48,1480846.86,716919,149522,550800,135188,76.829,90.413,27816630.75,10179140.2,2739848.77,620740.46
br=0.1_btcRN=100000_ethRN=100000_flow=75%_start=d196_adl=on_emOff,False,0.75,196,True,0.1,15000.0,1384615385.0,100000.0,0.1,15000.0,923076923.0,100000.0,0.01,866441,685988,79.17,4999996.2,3543790933.25,38225172.65,489654.29,48202828.43,4488005.29,-43714823.14,9503253.49,4488005.29,392987.93,5000000.0,55248569919.44,2146434422.52,52.235,0.010787,0.013602,46035346.96,0.0,0,0,0,0,0.0,0,3463670.43,1551577.78,716919,149522,550800,135188,76.829,90.413,35095764.1,13107064.32,3656906.74,831098.54
br=0.1_btcRN=100000_ethRN=100000_flow=75%_start=d196_adl=on_emOn,True,0.75,196,True,0.1,15000.0,1384615385.0,100000.0,0.1,15000.0,923076923.0,100000.0,0.01,866441,685988,79.17,4999997.73,2975718120.0,29249491.68,385689.52,37995770.96,3360592.03,-34635178.93,8372053.38,3360592.03,392987.93,5000000.0,42529015665.35,2146434422.52,59.3019,0.009829,0.012769,35828558.35,0.0,0,0,0,0,0.0,0,3530614.48,1480846.87,716919,149522,550800,135188,76.829,90.413,27816630.75,10179140.2,2739848.77,620743.26
br=0.1_btcRN=100000_ethRN=100000_flow=75%_start=d203_adl=off_emOff,False,0.75,203,False,0.1,15000.0,1384615385.0,100000.0,0.1,15000.0,923076923.0,100000.0,0.01,812599,639301,78.67,4999996.2,3401338900.32,35715951.38,462192.24,45490227.02,4312087.2,-41178139.82,9326663.34,4312087.2,450313.42,5000000.0,51988593535.53,2146434422.52,54.0074,0.010501,0.013374,43288175.26,0.0,0,0,0,0,0.0,0,3539069.41,1475506.74,673710,138889,513692,125609,76.248,90.438,33148389.93,12341837.09,3521968.06,790119.14
br=0.1_btcRN=100000_ethRN=100000_flow=75%_start=d203_adl=off_emOn,True,0.75,203,False,0.1,15000.0,1384615385.0,100000.0,0.1,15000.0,923076923.0,100000.0,0.01,812599,639301,78.67,4999997.68,2875113224.77,27642889.19,368512.84,36295059.95,3283660.24,-33011399.71,8294782.39,3283660.24,450313.42,5000000.0,40528813433.49,2146434422.52,60.645,0.009615,0.012624,34093256.2,0.0,0,0,0,0,0.0,0,3604517.55,1406604.6,673710,138889,513692,125609,76.248,90.438,26594220.0,9700839.95,2685742.65,597917.58
br=0.1_btcRN=100000_ethRN=100000_flow=75%_start=d203_adl=on_emOff,False,0.75,203,True,0.1,15000.0,1384615385.0,100000.0,0.1,15000.0,923076923.0,100000.0,0.01,812599,639301,78.67,4999996.2,3401338900.32,35715947.05,462192.25,45490227.02,4312091.52,-41178135.5,9326667.68,4312091.52,450313.42,5000000.0,51988593535.53,2146434422.52,54.0074,0.010501,0.013374,43288175.26,0.0,0,0,0,0,0.0,0,3539069.41,1475506.75,673710,138889,513692,125609,76.248,90.438,33148389.93,12341837.09,3521968.06,790123.47
br=0.1_btcRN=100000_ethRN=100000_flow=75%_start=d203_adl=on_emOn,True,0.75,203,True,0.1,15000.0,1384615385.0,100000.0,0.1,15000.0,923076923.0,100000.0,0.01,812599,639301,78.67,4999997.68,2875113224.77,27642886.33,368512.84,36295059.95,3283663.1,-33011396.85,8294785.26,3283663.1,450313.42,5000000.0,40528813433.49,2146434422.52,60.645,0.009615,0.012624,34093256.2,0.0,0,0,0,0,0.0,0,3604517.55,1406604.61,673710,138889,513692,125609,76.248,90.438,26594220.0,9700839.95,2685742.65,597920.44
br=0.1_btcRN=100000_ethRN=100000_flow=75%_start=d210_adl=off_emOff,False,0.75,210,False,0.1,15000.0,1384615385.0,100000.0,0.1,15000.0,923076923.0,100000.0,0.01,748746,584739,78.1,4999996.2,3212505994.58,32489010.4,426804.83,41991381.06,4075569.64,-37915811.43,9089347.87,4075569.64,385649.66,5000000.0,47626867045.38,2146434422.52,56.4676,0.010113,0.013071,39691469.8,0.0,0,0,0,0,0.0,0,3545435.99,1468342.25,621072,127674,469386,115353,75.577,90.35,30450795.89,11540585.17,3331015.47,744554.16
br=0.1_btcRN=100000_ethRN=100000_flow=75%_start=d210_adl=off_emOn,True,0.75,210,False,0.1,15000.0,1384615385.0,100000.0,0.1,15000.0,923076923.0,100000.0,0.01,748746,584739,78.1,4999997.61,2741583883.3,25546731.04,346029.21,34065382.16,3172624.3,-30892757.86,8183372.68,3172624.3,385649.66,5000000.0,37731426325.97,2146434422.52,62.5195,0.009318,0.012425,31765691.61,0.0,0,0,0,0,0.0,0,3606414.97,1404333.41,621072,127674,469386,115353,75.577,90.35,24800806.58,9264575.58,2597099.84,575524.46
br=0.1_btcRN=100000_ethRN=100000_flow=75%_start=d210_adl=on_emOff,False,0.75,210,True,0.1,15000.0,1384615385.0,100000.0,0.1,15000.0,923076923.0,100000.0,0.01,748746,584739,78.1,4999996.2,3212505994.58,32489006.07,426804.83,41991381.06,4075573.96,-37915807.1,9089352.2,4075573.96,385649.66,5000000.0,47626867045.38,2146434422.52,56.4676,0.010113,0.013071,39691469.8,0.0,0,0,0,0,0.0,0,3545435.99,1468342.26,621072,127674,469386,115353,75.577,90.35,30450795.89,11540585.17,3331015.47,744558.49
br=0.1_btcRN=100000_ethRN=100000_flow=75%_start=d210_adl=on_emOn,True,0.75,210,True,0.1,15000.0,1384615385.0,100000.0,0.1,15000.0,923076923.0,100000.0,0.01,748746,584739,78.1,4999997.61,2741583883.3,25546728.08,346029.21,34065382.16,3172627.27,-30892754.9,8183375.66,3172627.27,385649.66,5000000.0,37731426325.97,2146434422.52,62.5195,0.009318,0.012425,31765691.61,0.0,0,0,0,0,0.0,0,3606414.97,1404333.42,621072,127674,469386,115353,75.577,90.35,24800806.58,9264575.58,2597099.84,575527.43
br=0.1_btcRN=100000_ethRN=100000_flow=75%_start=d217_adl=off_emOff,False,0.75,217,False,0.1,15000.0,1384615385.0,100000.0,0.1,15000.0,923076923.0,100000.0,0.01,672688,515612,76.65,4999996.2,2937268339.67,28332906.23,379776.71,37359086.36,3646407.22,-33712679.14,8658775.12,3646407.22,799114.9,5000000.0,42203771518.74,2088007122.91,59.7794,0.009646,0.012719,35204909.33,0.0,0,0,0,0,0.0,0,3460632.92,1551734.98,559273,113415,413815,101797,73.992,89.756,26909560.88,10449525.48,2962490.11,683917.11
br=0.1_btcRN=100000_ethRN=100000_flow=75%_start=d217_adl=off_emOn,True,0.75,217,False,0.1,15000.0,1384615385.0,100000.0,0.1,15000.0,923076923.0,100000.0,0.01,672688,515612,76.65,4999997.51,2536002259.12,22717376.26,314171.84,30924724.17,2893178.55,-28031545.61,7903025.27,2893178.55,799114.9,5000000.0,34126341596.97,2088007122.91,65.062,0.008958,0.012194,28770733.62,0.0,0,0,0,0,0.0,0,3511516.58,1498330.13,559273,113415,413815,101797,73.992,89.756,22312544.47,8612179.7,2349934.99,543243.57
br=0.1_btcRN=100000_ethRN=100000_flow=75%_start=d217_adl=on_emOff,False,0.75,217,True,0.1,15000.0,1384615385.0,100000.0,0.1,15000.0,923076923.0,100000.0,0.01,672688,515612,76.65,4999996.2,2937268339.67,28332901.9,379776.72,37359086.36,3646411.54,-33712674.82,8658779.45,3646411.54,799114.9,5000000.0,42203771518.74,2088007122.91,59.7794,0.009646,0.012719,35204909.33,0.0,0,0,0,0,0.0,0,3460632.92,1551734.99,559273,113415,413815,101797,73.992,89.756,26909560.88,10449525.48,2962490.11,683921.43
br=0.1_btcRN=100000_ethRN=100000_flow=75%_start=d217_adl=on_emOn,True,0.75,217,True,0.1,15000.0,1384615385.0,100000.0,0.1,15000.0,923076923.0,100000.0,0.01,672688,515612,76.65,4999997.51,2536002259.12,22717373.15,314171.85,30924724.17,2893181.65,-28031542.51,7903028.38,2893181.65,799114.9,5000000.0,34126341596.97,2088007122.91,65.062,0.008958,0.012194,28770733.62,0.0,0,0,0,0,0.0,0,3511516.58,1498330.14,559273,113415,413815,101797,73.992,89.756,22312544.47,8612179.7,2349934.99,543246.67
br=0.1_btcRN=100000_ethRN=100000_flow=75%_start=d21_adl=off_emOff,False,0.75,21,False,0.1,15000.0,1384615385.0,100000.0,0.1,15000.0,923076923.0,100000.0,0.01,2520544,2087581,82.82,4999996.2,7483886954.01,162144064.62,1895765.95,186584892.63,17545065.86,-169039826.77,22604896.1,17545065.86,1956872.53,5000000.0,227990119158.83,4795540136.89,15.5366,0.021666,0.024932,184441484.28,0.0,0,0,0,0,0.0,0,712462.37,4347367.87,1884690,635854,1507776,579805,80.001,91.185,118933838.99,67651053.64,12693919.71,4851146.15
br=0.1_btcRN=100000_ethRN=100000_flow=75%_start=d21_adl=off_emOn,True,0.75,21,False,0.1,15000.0,1384615385.0,100000.0,0.1,15000.0,923076923.0,100000.0,0.01,2520544,2087581,82.82,4999998.85,5607752517.62,85093459.84,1016651.59,100121283.09,9011172.81,-91110110.28,14042049.18,9011172.81,1956872.53,5000000.0,116930976345.19,4795540136.89,30.306,0.015174,0.017854,97980106.2,0.0,0,0,0,0,0.0,0,1241565.2,3789311.16,1884690,635854,1507776,579805,80.001,91.185,60491876.08,39629407.01,6175074.71,2836098.1
br=0.1_btcRN=100000_ethRN=100000_flow=75%_start=d21_adl=on_emOff,False,0.75,21,True,0.1,15000.0,1384615385.0,100000.0,0.1,15000.0,923076923.0,100000.0,0.01,2520544,2087581,82.82,4999996.2,7483886954.01,162090223.75,1895826.68,186584892.63,17598846.0,-168986046.63,22658797.71,17598846.0,1956872.53,5000000.0,227990119158.83,4795540136.89,15.5366,0.021659,0.024932,184441484.28,0.0,0,0,0,0,0.0,0,699682.89,4360268.82,1884690,635854,1507776,579805,80.001,91.185,118933838.99,67651053.64,12741966.99,4856879.02
br=0.1_btcRN=100000_ethRN=100000_flow=75%_start=d21_adl=on_emOn,True,0.75,21,True,0.1,15000.0,1384615385.0,100000.0,0.1,15000.0,923076923.0,100000.0,0.01,2520544,2087581,82.82,4999998.85,5607752517.62,85061738.74,1016687.38,100121283.09,9042858.13,-91078424.96,14073806.07,9042858.13,1956872.53,5000000.0,116930976345.19,4795540136.89,30.306,0.015169,0.017854,97980106.2,0.0,0,0,0,0,0.0,0,1234147.1,3796800.84,1884690,635854,1507776,579805,80.001,91.185,60491876.08,39629407.01,6203333.45,2839524.68
br=0.1_btcRN=100000_ethRN=100000_flow=75%_start=d224_adl=off_emOff,False,0.75,224,False,0.1,15000.0,1384615385.0,100000.0,0.1,15000.0,923076923.0,100000.0,0.01,611400,462068,75.58,4999996.2,2687394229.57,24505502.46,337960.33,33224958.47,3381499.47,-29843459.0,8392917.16,3381499.47,675455.95,5000000.0,37513090103.52,2088007122.91,63.1871,0.009119,0.012363,30961816.59,0.0,0,0,0,0,0.0,0,3121697.8,1889719.89,508345,103055,369875,92193,72.761,89.46,23772717.54,9452240.92,2732412.47,649087.0
br=0.1_btcRN=100000_ethRN=100000_flow=75%_start=d224_adl=off_emOn,True,0.75,224,False,0.1,15000.0,1384615385.0,100000.0,0.1,15000.0,923076923.0,100000.0,0.01,611400,462068,75.58,4999997.41,2351907464.19,20043395.54,285641.48,28095773.99,2766739.56,-25329034.43,7776104.45,2766739.56,675455.95,5000000.0,31026617436.64,2088007122.91,67.7099,0.008522,0.011946,25832787.18,0.0,0,0,0,0,0.0,0,3170289.44,1839075.45,508345,103055,369875,92193,72.761,89.46,20086984.7,8008789.29,2231136.97,535602.59
br=0.1_btcRN=100000_ethRN=100000_flow=75%_start=d224_adl=on_emOff,False,0.75,224,True,0.1,15000.0,1384615385.0,100000.0,0.1,15000.0,923076923.0,100000.0,0.01,611400,462068,75.58,4999996.2,2687394229.57,24505498.14,337960.34,33224958.47,3381503.79,-29843454.67,8392921.5,3381503.79,675455.95,5000000.0,37513090103.52,2088007122.91,63.1871,0.009119,0.012363,30961816.59,0.0,0,0,0,0,0.0,0,3121697.8,1889719.9,508345,103055,369875,92193,72.761,89.46,23772717.54,9452240.92,2732412.47,649091.32
br=0.1_btcRN=100000_ethRN=100000_flow=75%_start=d224_adl=on_emOn,True,0.75,224,True,0.1,15000.0,1384615385.0,100000.0,0.1,15000.0,923076923.0,100000.0,0.01,611400,462068,75.58,4999997.41,2351907464.19,20043392.29,285641.48,28095773.99,2766742.81,-25329031.18,7776107.71,2766742.81,675455.95,5000000.0,31026617436.64,2088007122.91,67.7099,0.008522,0.011946,25832787.18,0.0,0,0,0,0,0.0,0,3170289.44,1839075.46,508345,103055,369875,92193,72.761,89.46,20086984.7,8008789.29,2231136.97,535605.84
br=0.1_btcRN=100000_ethRN=100000_flow=75%_start=d231_adl=off_emOff,False,0.75,231,False,0.1,15000.0,1384615385.0,100000.0,0.1,15000.0,923076923.0,100000.0,0.01,546565,405735,74.23,4999996.2,2403819561.78,20574451.21,293697.53,28867064.51,2998919.56,-25868144.95,8008969.54,2998919.56,478358.3,5000000.0,32760412752.16,2006621391.37,66.9986,0.008559,0.012009,26604903.36,0.0,0,0,0,0,0.0,0,3226578.09,1783471.9,456149,90416,325143,80592,71.28,89.135,20721383.56,8145680.94,2428217.65,570701.91
br=0.1_btcRN=100000_ethRN=100000_flow=75%_start=d231_adl=off_emOn,True,0.75,231,False,0.1,15000.0,1384615385.0,100000.0,0.1,15000.0,923076923.0,100000.0,0.01,546565,405735,74.23,4999997.29,2134459445.97,17180652.08,253765.68,24953864.93,2519449.87,-22434415.06,7527901.23,2519449.87,478358.3,5000000.0,27778362848.73,2006621391.37,70.7236,0.008049,0.011691,22691826.39,0.0,0,0,0,0,0.0,0,3264080.67,1744370.69,456149,90416,325143,80592,71.28,89.135,17894335.52,7059529.41,2035821.17,483628.7
br=0.1_btcRN=100000_ethRN=100000_flow=75%_start=d231_adl=on_emOff,False,0.75,231,True,0.1,15000.0,1384615385.0,100000.0,0.1,15000.0,923076923.0,100000.0,0.01,546565,405735,74.23,4999996.2,2403819561.78,20574446.88,293697.54,28867064.51,2998923.89,-25868140.62,8008973.88,2998923.89,478358.3,5000000.0,32760412752.16,2006621391.37,66.9986,0.008559,0.012009,26604903.36,0.0,0,0,0,0,0.0,0,3226578.09,1783471.91,456149,90416,325143,80592,71.28,89.135,20721383.56,8145680.94,2428217.65,570706.23
br=0.1_btcRN=100000_ethRN=100000_flow=75%_start=d231_adl=on_emOn,True,0.75,231,True,0.1,15000.0,1384615385.0,100000.0,0.1,15000.0,923076923.0,100000.0,0.01,546565,405735,74.23,4999997.29,2134459445.97,17180648.66,253765.69,24953864.93,2519453.29,-22434411.64,7527904.66,2519453.29,478358.3,5000000.0,27778362848.73,2006621391.37,70.7236,0.008049,0.011691,22691826.39,0.0,0,0,0,0,0.0,0,3264080.67,1744370.7,456149,90416,325143,80592,71.28,89.135,17894335.52,7059529.41,2035821.17,483632.11
br=0.1_btcRN=100000_ethRN=100000_flow=75%_start=d238_adl=off_emOff,False,0.75,238,False,0.1,15000.0,1384615385.0,100000.0,0.1,15000.0,923076923.0,100000.0,0.01,484636,354743,73.2,4999996.2,2137440682.98,17115462.99,254418.32,25001474.76,2631597.25,-22369877.52,7640400.6,2631597.25,401600.28,5000000.0,28388249513.9,1908102544.67,70.6637,0.008007,0.011697,22752317.49,0.0,0,0,0,0,0.0,0,3443264.06,1565539.3,405236,79400,284245,70498,70.143,88.788,18137065.83,6864408.93,2135010.77,496586.47
br=0.1_btcRN=100000_ethRN=100000_flow=75%_start=d238_adl=off_emOn,True,0.75,238,False,0.1,15000.0,1384615385.0,100000.0,0.1,15000.0,923076923.0,100000.0,0.01,484636,354743,73.2,4999997.18,1925253913.32,14575006.98,224391.23,22060471.48,2261076.09,-19799395.4,7268646.3,2261076.09,401600.28,5000000.0,24608128336.8,1908102544.67,73.6677,0.00757,0.011458,19811408.48,0.0,0,0,0,0,0.0,0,3470133.24,1537436.97,405236,79400,284245,70498,70.143,88.788,16006763.08,6053708.4,1830307.34,430768.75
br=0.1_btcRN=100000_ethRN=100000_flow=75%_start=d238_adl=on_emOff,False,0.75,238,True,0.1,15000.0,1384615385.0,100000.0,0.1,15000.0,923076923.0,100000.0,0.01,484636,354743,73.2,4999996.2,2137440682.98,17115458.66,254418.33,25001474.76,2631601.57,-22369873.2,7640404.93,2631601.57,401600.28,5000000.0,28388249513.9,1908102544.67,70.6637,0.008007,0.011697,22752317.49,0.0,0,0,0,0,0.0,0,3443264.06,1565539.31,405236,79400,284245,70498,70.143,88.788,18137065.83,6864408.93,2135010.77,496590.8
br=0.1_btcRN=100000_ethRN=100000_flow=75%_start=d238_adl=on_emOn,True,0.75,238,True,0.1,15000.0,1384615385.0,100000.0,0.1,15000.0,923076923.0,100000.0,0.01,484636,354743,73.2,4999997.18,1925253913.32,14575003.4,224391.24,22060471.48,2261079.67,-19799391.81,7268649.89,2261079.67,401600.28,5000000.0,24608128336.8,1908102544.67,73.6677,0.00757,0.011458,19811408.48,0.0,0,0,0,0,0.0,0,3470133.24,1537436.98,405236,79400,284245,70498,70.143,88.788,16006763.08,6053708.4,1830307.34,430772.33
br=0.1_btcRN=100000_ethRN=100000_flow=75%_start=d245_adl=off_emOff,False,0.75,245,False,0.1,15000.0,1384615385.0,100000.0,0.1,15000.0,923076923.0,100000.0,0.01,414180,301250,72.73,4999996.2,1891713701.4,14031220.06,219863.4,21594477.01,2343397.34,-19251079.67,7351230.81,2343397.34,295962.24,5000000.0,24646834706.06,1884384720.82,74.1987,0.007417,0.011415,19310289.29,0.0,0,0,0,0,0.0,0,3508134.6,1499698.87,345697,68483,240715,60535,69.632,88.394,15698031.7,5896445.3,1898334.12,445063.22
br=0.1_btcRN=100000_ethRN=100000_flow=75%_start=d245_adl=off_emOn,True,0.75,245,False,0.1,15000.0,1384615385.0,100000.0,0.1,15000.0,923076923.0,100000.0,0.01,414180,301250,72.73,4999997.07,1728118459.18,12162914.5,197691.87,19423930.22,2063326.79,-17360603.43,7070228.98,2063326.79,295962.24,5000000.0,21830086006.71,1884384720.82,76.5659,0.007038,0.01124,17139813.6,0.0,0,0,0,0,0.0,0,3521588.19,1485314.0,345697,68483,240715,60535,69.632,88.394,14124435.35,5299494.87,1666349.5,396977.29
br=0.1_btcRN=100000_ethRN=100000_flow=75%_start=d245_adl=on_emOff,False,0.75,245,True,0.1,15000.0,1384615385.0,100000.0,0.1,15000.0,923076923.0,100000.0,0.01,414180,301250,72.73,4999996.2,1891713701.4,14031215.73,219863.41,21594477.01,2343401.66,-19251075.34,7351235.14,2343401.66,295962.24,5000000.0,24646834706.06,1884384720.82,74.1987,0.007417,0.011415,19310289.29,0.0,0,0,0,0,0.0,0,3508134.6,1499698.88,345697,68483,240715,60535,69.632,88.394,15698031.7,5896445.3,1898334.12,445067.55
br=0.1_btcRN=100000_ethRN=100000_flow=75%_start=d245_adl=on_emOn,True,0.75,245,True,0.1,15000.0,1384615385.0,100000.0,0.1,15000.0,923076923.0,100000.0,0.01,414180,301250,72.73,4999997.07,1728118459.18,12162910.74,197691.87,19423930.22,2063330.54,-17360599.68,7070232.74,2063330.54,295962.24,5000000.0,21830086006.71,1884384720.82,76.5659,0.007038,0.01124,17139813.6,0.0,0,0,0,0,0.0,0,3521588.19,1485314.01,345697,68483,240715,60535,69.632,88.394,14124435.35,5299494.87,1666349.5,396981.04
br=0.1_btcRN=100000_ethRN=100000_flow=75%_start=d252_adl=off_emOff,False,0.75,252,False,0.1,15000.0,1384615385.0,100000.0,0.1,15000.0,923076923.0,100000.0,0.01,339022,251586,74.21,4999996.2,1641602452.94,11093976.25,186422.64,18303765.77,2023370.67,-16280395.1,7030136.84,2023370.67,411541.55,5000000.0,20933464441.79,1839933028.03,77.8298,0.006758,0.01115,16021770.74,0.0,0,0,0,0,0.0,0,3522852.45,1483913.72,281074,57948,200407,51179,71.3,88.319,13283474.02,5020291.75,1652818.58,370552.09
br=0.1_btcRN=100000_ethRN=100000_flow=75%_start=d252_adl=off_emOn,True,0.75,252,False,0.1,15000.0,1384615385.0,100000.0,0.1,15000.0,923076923.0,100000.0,0.01,339022,251586,74.21,4999996.95,1521236739.32,9783330.16,170793.68,16774574.18,1820453.39,-14954120.79,6826546.2,1820453.39,411541.55,5000000.0,18929824041.22,1839933028.03,79.6096,0.006431,0.011027,14492630.86,0.0,0,0,0,0,0.0,0,3530091.38,1476001.43,281074,57948,200407,51179,71.3,88.319,12174281.59,4600292.58,1483787.59,336665.8
br=0.1_btcRN=100000_ethRN=100000_flow=75%_start=d252_adl=on_emOff,False,0.75,252,True,0.1,15000.0,1384615385.0,100000.0,0.1,15000.0,923076923.0,100000.0,0.01,339022,251586,74.21,4999996.2,1641602452.94,11093971.93,186422.65,18303765.77,2023374.99,-16280390.78,7030141.18,2023374.99,411541.55,5000000.0,20933464441.79,1839933028.03,77.8298,0.006758,0.01115,16021770.74,0.0,0,0,0,0,0.0,0,3522852.45,1483913.73,281074,57948,200407,51179,71.3,88.319,13283474.02,5020291.75,1652818.58,370556.42
br=0.1_btcRN=100000_ethRN=100000_flow=75%_start=d252_adl=on_emOn,True,0.75,252,True,0.1,15000.0,1384615385.0,100000.0,0.1,15000.0,923076923.0,100000.0,0.01,339022,251586,74.21,4999996.95,1521236739.32,9783326.23,170793.68,16774574.18,1820457.32,-14954116.86,6826550.15,1820457.32,411541.55,5000000.0,18929824041.22,1839933028.03,79.6096,0.006431,0.011027,14492630.86,0.0,0,0,0,0,0.0,0,3530091.38,1476001.44,281074,57948,200407,51179,71.3,88.319,12174281.59,4600292.58,1483787.59,336669.73
br=0.1_btcRN=100000_ethRN=100000_flow=75%_start=d259_adl=off_emOff,False,0.75,259,False,0.1,15000.0,1384615385.0,100000.0,0.1,15000.0,923076923.0,100000.0,0.01,275867,200507,72.68,4999996.2,1364747313.39,7978268.46,151191.64,14834066.39,1704610.09,-13129456.3,6710308.25,1704610.09,611485.23,5000000.0,17042754092.13,1839933028.03,81.9745,0.005846,0.010869,12538477.93,0.0,0,0,0,0,0.0,0,3513745.12,1491953.04,230251,45616,160365,40142,69.648,88.0,10744652.42,4089413.97,1407739.34,296870.75
br=0.1_btcRN=100000_ethRN=100000_flow=75%_start=d259_adl=off_emOn,True,0.75,259,False,0.1,15000.0,1384615385.0,100000.0,0.1,15000.0,923076923.0,100000.0,0.01,275867,200507,72.68,4999996.81,1285699153.78,7161183.55,141402.45,13876695.57,1574112.75,-12302582.81,6579380.55,1574112.75,611485.23,5000000.0,15771152709.94,1839933028.03,83.1716,0.00557,0.010793,11581140.81,0.0,0,0,0,0,0.0,0,3520742.64,1484525.16,230251,45616,160365,40142,69.648,88.0,10052120.36,3824575.2,1298745.1,275367.66
br=0.1_btcRN=100000_ethRN=100000_flow=75%_start=d259_adl=on_emOff,False,0.75,259,True,0.1,15000.0,1384615385.0,100000.0,0.1,15000.0,923076923.0,100000.0,0.01,275867,200507,72.68,4999996.2,1364747313.39,7978264.13,151191.65,14834066.39,1704614.41,-13129451.98,6710312.58,1704614.41,611485.23,5000000.0,17042754092.13,1839933028.03,81.9745,0.005846,0.010869,12538477.93,0.0,0,0,0,0,0.0,0,3513749.45,1491948.72,230251,45616,160365,40142,69.648,88.0,10744652.42,4089413.97,1407739.34,296875.07
br=0.1_btcRN=100000_ethRN=100000_flow=75%_start=d259_adl=on_emOn,True,0.75,259,True,0.1,15000.0,1384615385.0,100000.0,0.1,15000.0,923076923.0,100000.0,0.01,275867,200507,72.68,4999996.81,1285699153.78,7161179.4,141402.46,13876695.57,1574116.9,-12302578.67,6579384.71,1574116.9,611485.23,5000000.0,15771152709.94,1839933028.03,83.1716,0.00557,0.010793,11581140.81,0.0,0,0,0,0,0.0,0,3520742.64,1484525.17,230251,45616,160365,40142,69.648,88.0,10052120.36,3824575.2,1298745.1,275371.8
br=0.1_btcRN=100000_ethRN=100000_flow=75%_start=d28_adl=off_emOff,False,0.75,28,False,0.1,15000.0,1384615385.0,100000.0,0.1,15000.0,923076923.0,100000.0,0.01,2445677,2020581,82.62,4999996.2,7315577287.52,152669409.36,1788333.77,176003033.79,16545294.45,-159457739.34,21601897.52,16545294.45,1674902.75,5000000.0,213190191433.76,4795540136.89,16.6784,0.020869,0.024059,173835644.87,0.0,0,0,0,0,0.0,0,981227.36,4075375.71,1853016,592661,1481529,539052,79.952,90.955,115488693.2,60514340.58,12235783.96,4309510.49
br=0.1_btcRN=100000_ethRN=100000_flow=75%_start=d28_adl=off_emOn,True,0.75,28,False,0.1,15000.0,1384615385.0,100000.0,0.1,15000.0,923076923.0,100000.0,0.01,2445677,2020581,82.62,4999998.8,5494192354.64,81669905.0,978932.43,96384685.05,8735848.81,-87648836.24,13766018.78,8735848.81,1674902.75,5000000.0,111585226054.66,4795540136.89,31.3795,0.014865,0.017543,94219288.47,0.0,0,0,0,0,0.0,0,1480306.28,3549863.69,1853016,592661,1481529,539052,79.952,90.955,61009719.95,35374965.1,6182860.67,2552988.14
br=0.1_btcRN=100000_ethRN=100000_flow=75%_start=d28_adl=on_emOff,False,0.75,28,True,0.1,15000.0,1384615385.0,100000.0,0.1,15000.0,923076923.0,100000.0,0.01,2445677,2020581,82.62,4999996.2,7315577287.52,152615568.49,1788394.5,176003033.79,16599074.59,-159403959.2,21655799.12,16599074.59,1674902.75,5000000.0,213190191433.76,4795540136.89,16.6784,0.020862,0.024059,173835644.87,0.0,0,0,0,0,0.0,0,968447.88,4088276.65,1853016,592661,1481529,539052,79.952,90.955,115488693.2,60514340.58,12283831.24,4315243.35
br=0.1_btcRN=100000_ethRN=100000_flow=75%_start=d28_adl=on_emOn,True,0.75,28,True,0.1,15000.0,1384615385.0,100000.0,0.1,15000.0,923076923.0,100000.0,0.01,2445677,2020581,82.62,4999998.8,5494192354.64,81635037.39,978971.77,96384685.05,8770677.09,-87614007.96,13800925.74,8770677.09,1674902.75,5000000.0,111585226054.66,4795540136.89,31.3795,0.014858,0.017543,94219288.47,0.0,0,0,0,0,0.0,0,1472166.69,3558081.96,1853016,592661,1481529,539052,79.952,90.955,61009719.95,35374965.1,6213916.21,2556760.88
br=0.1_btcRN=100000_ethRN=100000_flow=75%_start=d35_adl=off_emOff,False,0.75,35,False,0.1,15000.0,1384615385.0,100000.0,0.1,15000.0,923076923.0,100000.0,0.01,2389477,1971970,82.53,4999996.2,7189897570.35,145836829.46,1711243.41,168418498.65,15870429.58,-152548069.07,20924542.62,15870429.58,1321843.74,5000000.0,203279915214.25,4795540136.89,17.5801,0.020284,0.023424,166200754.01,0.0,0,0,0,0,0.0,0,1567529.05,3486584.0,1822903,566574,1457091,514879,79.932,90.876,112337633.6,56080865.05,11916252.01,3954177.57
br=0.1_btcRN=100000_ethRN=100000_flow=75%_start=d35_adl=off_emOn,True,0.75,35,False,0.1,15000.0,1384615385.0,100000.0,0.1,15000.0,923076923.0,100000.0,0.01,2389477,1971970,82.53,4999998.77,5411336304.34,79127912.12,951458.48,93669852.33,8590482.96,-85079369.37,13620001.64,8590482.96,1321843.74,5000000.0,108401714437.86,4795540136.89,32.2056,0.014623,0.01731,91453913.68,0.0,0,0,0,0,0.0,0,2050899.48,2978619.21,1822903,566574,1457091,514879,79.932,90.876,60859324.36,32810527.98,6218709.67,2371773.29
br=0.1_btcRN=100000_ethRN=100000_flow=75%_start=d35_adl=on_emOff,False,0.75,35,True,0.1,15000.0,1384615385.0,100000.0,0.1,15000.0,923076923.0,100000.0,0.01,2389477,1971970,82.53,4999996.2,7189897570.35,145782988.59,1711304.14,168418498.65,15924209.72,-152494288.93,20978444.22,15924209.72,1321843.74,5000000.0,203279915214.25,4795540136.89,17.5801,0.020276,0.023424,166200754.01,0.0,0,0,0,0,0.0,0,1554749.57,3499484.94,1822903,566574,1457091,514879,79.932,90.876,112337633.6,56080865.05,11964299.28,3959910.43
br=0.1_btcRN=100000_ethRN=100000_flow=75%_start=d35_adl=on_emOn,True,0.75,35,True,0.1,15000.0,1384615385.0,100000.0,0.1,15000.0,923076923.0,100000.0,0.01,2389477,1971970,82.53,4999998.77,5411336304.34,79090281.82,951500.93,93669852.33,8628070.8,-85041781.53,13657674.4,8628070.8,1321843.74,5000000.0,108401714437.86,4795540136.89,32.2056,0.014616,0.01731,91453913.68,0.0,0,0,0,0,0.0,0,2042128.34,2987475.26,1822903,566574,1457091,514879,79.932,90.876,60859324.36,32810527.98,6252219.99,2375850.81
br=0.1_btcRN=100000_ethRN=100000_flow=75%_start=d42_adl=off_emOff,False,0.75,42,False,0.1,15000.0,1384615385.0,100000.0,0.1,15000.0,923076923.0,100000.0,0.01,2339509,1932056,82.58,4999996.2,7104908053.0,140920826.78,1653692.74,162785059.18,15210543.46,-147574515.72,20251437.15,15210543.46,663117.46,5000000.0,195767256415.73,4795540136.89,18.3187,0.019834,0.022912,160371247.38,9260.6,28,33,33,0,0.0,0.0,1807331.43,3233562.26,1793191,546318,1435213,496843,80.037,90.944,109528273.78,53256785.4,11544072.09,3666471.37
br=0.1_btcRN=100000_ethRN=100000_flow=75%_start=d42_adl=off_emOn,True,0.75,42,False,0.1,15000.0,1384615385.0,100000.0,0.1,15000.0,923076923.0,100000.0,0.01,2339509,1932056,82.58,4999998.75,5361074609.58,77459265.71,931406.59,91718098.31,8327427.25,-83390671.05,13345090.41,8327427.25,663117.46,5000000.0,105955014659.27,4795540136.89,32.87,0.014448,0.017108,89305952.36,9260.6,28,33,33,0,0.0,0.0,2265911.74,2751751.41,1793191,546318,1435213,496843,80.037,90.944,60380094.71,31338003.59,6121494.73,2205932.52
br=0.1_btcRN=100000_ethRN=100000_flow=75%_start=d42_adl=on_emOff,False,0.75,42,True,0.1,15000.0,1384615385.0,100000.0,0.1,15000.0,923076923.0,100000.0,0.01,2339509,1932056,82.58,4999996.2,7104908053.0,140866985.91,1653753.47,162785059.18,15264323.6,-147520735.58,20305338.75,15264323.6,663117.46,5000000.0,195767256415.73,4795540136.89,18.3187,0.019827,0.022912,160371247.38,9260.6,28,33,33,0,0.0,0.0,1794551.95,3246463.2,1793191,546318,1435213,496843,80.037,90.944,109528273.78,53256785.4,11592119.37,3672204.23
br=0.1_btcRN=100000_ethRN=100000_flow=75%_start=d42_adl=on_emOn,True,0.75,42,True,0.1,15000.0,1384615385.0,100000.0,0.1,15000.0,923076923.0,100000.0,0.01,2339509,1932056,82.58,4999998.75,5361074609.58,77419153.24,931451.85,91718098.31,8367494.47,-83350603.84,13385248.14,8367494.47,663117.46,5000000.0,105955014659.27,4795540136.89,32.87,0.014441,0.017108,89305952.36,9260.6,28,33,33,0,0.0,0.0,2256574.67,2761179.0,1793191,546318,1435213,496843,80.037,90.944,60380094.71,31338003.59,6157209.96,2210284.51
br=0.1_btcRN=100000_ethRN=100000_flow=75%_start=d49_adl=off_emOff,False,0.75,49,False,0.1,15000.0,1384615385.0,100000.0,0.1,15000.0,923076923.0,100000.0,0.01,2279790,1887802,82.81,4999996.2,6990169723.92,136455958.12,1600355.19,157572813.44,14516503.93,-143056309.51,19565754.24,14516503.93,671105.87,5000000.0,187579845727.1,4795540136.89,18.9895,0.019521,0.022542,155374975.7,0.0,0,0,0,0,0.0,0,1627833.16,3421417.16,1755953,523837,1410917,476885,80.35,91.037,106747731.48,50825081.96,11171352.64,3345151.28
br=0.1_btcRN=100000_ethRN=100000_flow=75%_start=d49_adl=off_emOn,True,0.75,49,False,0.1,15000.0,1384615385.0,100000.0,0.1,15000.0,923076923.0,100000.0,0.01,2279790,1887802,82.81,4999998.73,5277564290.4,75763670.28,909908.84,89634109.48,7960531.63,-81673577.85,12987665.85,7960531.63,671105.87,5000000.0,101937150266.02,4795540136.89,33.4647,0.014356,0.016984,87437834.55,0.0,0,0,0,0,0.0,0,2085450.44,2941683.78,1755953,523837,1410917,476885,80.35,91.037,59606574.43,30027535.05,5984096.41,1976435.23
br=0.1_btcRN=100000_ethRN=100000_flow=75%_start=d49_adl=on_emOff,False,0.75,49,True,0.1,15000.0,1384615385.0,100000.0,0.1,15000.0,923076923.0,100000.0,0.01,2279790,1887802,82.81,4999996.2,6990169723.92,136402117.25,1600415.92,157572813.44,14570284.07,-143002529.37,19619655.84,14570284.07,671105.87,5000000.0,187579845727.1,4795540136.89,18.9895,0.019513,0.022542,155374975.7,0.0,0,0,0,0,0.0,0,1615053.67,3434318.1,1755953,523837,1410917,476885,80.35,91.037,106747731.48,50825081.96,11219399.92,3350884.15
br=0.1_btcRN=100000_ethRN=100000_flow=75%_start=d49_adl=on_emOn,True,0.75,49,True,0.1,15000.0,1384615385.0,100000.0,0.1,15000.0,923076923.0,100000.0,0.01,2279790,1887802,82.81,4999998.73,5277564290.4,75721099.8,909956.87,89634109.48,8003054.08,-81631055.4,13030284.36,8003054.08,671105.87,5000000.0,101937150266.02,4795540136.89,33.4647,0.014348,0.016984,87437834.55,0.0,0,0,0,0,0.0,0,2075554.28,2951676.0,1755953,523837,1410917,476885,80.35,91.037,59606574.43,30027535.05,6021994.48,1981059.6
br=0.1_btcRN=100000_ethRN=100000_flow=75%_start=d56_adl=off_emOff,False,0.75,56,False,0.1,15000.0,1384615385.0,100000.0,0.1,15000.0,923076923.0,100000.0,0.01,2227246,1847915,82.97,4999996.2,6887282424.72,130923459.74,1538955.55,151523823.28,14061411.79,-137462411.48,19098297.84,14061411.79,529713.85,5000000.0,179142127771.42,4795540136.89,19.8788,0.019009,0.022001,149144635.45,9754.39,14,14,14,0,0.0,0.0,1845130.34,3191755.71,1722876,504370,1388602,459313,80.598,91.067,103689475.39,47834347.88,10919667.81,3141743.99
br=0.1_btcRN=100000_ethRN=100000_flow=75%_start=d56_adl=off_emOn,True,0.75,56,False,0.1,15000.0,1384615385.0,100000.0,0.1,15000.0,923076923.0,100000.0,0.01,2227246,1847915,82.97,4999998.7,5215895277.36,73652340.36,887921.3,87457150.52,7916890.17,-79540260.35,12933043.66,7916890.17,529713.85,5000000.0,98556768262.63,4795540136.89,34.2388,0.014121,0.016767,85079410.61,9754.39,14,14,14,0,0.0,0.0,2293846.8,2722306.69,1722876,504370,1388602,459313,80.598,91.067,59083738.87,28373411.66,6036559.11,1880331.07
br=0.1_btcRN=100000_ethRN=100000_flow=75%_start=d56_adl=on_emOff,False,0.75,56,True,0.1,15000.0,1384615385.0,100000.0,0.1,15000.0,923076923.0,100000.0,0.01,2227246,1847915,82.97,4999996.2,6887282424.72,130869618.86,1539016.28,151523823.28,14115191.93,-137408631.34,19152199.44,14115191.93,529713.85,5000000.0,179142127771.42,4795540136.89,19.8788,0.019002,0.022001,149144635.45,9754.39,14,14,14,0,0.0,0.0,1832350.86,3204656.65,1722876,504370,1388602,459313,80.598,91.067,103689475.39,47834347.88,10967715.08,3147476.85
br=0.1_btcRN=100000_ethRN=100000_flow=75%_start=d56_adl=on_emOn,True,0.75,56,True,0.1,15000.0,1384615385.0,100000.0,0.1,15000.0,923076923.0,100000.0,0.01,2227246,1847915,82.97,4999998.7,5215895277.36,73606165.57,887973.4,87457150.52,7963012.86,-79494137.66,12979270.56,7963012.86,529713.85,5000000.0,98556768262.63,4795540136.89,34.2388,0.014112,0.016767,85079410.61,9754.39,14,14,14,0,0.0,0.0,2283133.15,2733124.55,1722876,504370,1388602,459313,80.598,91.067,59083738.87,28373411.66,6077657.02,1885355.85
br=0.1_btcRN=100000_ethRN=100000_flow=75%_start=d63_adl=off_emOff,False,0.75,63,False,0.1,15000.0,1384615385.0,100000.0,0.1,15000.0,923076923.0,100000.0,0.01,2177414,1808693,83.07,4999996.2,6812453870.72,127040862.31,1493053.76,147034292.77,13500380.5,-133533912.27,18545798.38,13500380.5,751534.27,5000000.0,173621292837.01,4795540136.89,20.5901,0.018648,0.021583,144454878.15,0.0,0,0,0,0,0.0,0,2384132.74,2661285.13,1690524,486890,1365045,443648,80.747,91.119,101369036.29,45665256.49,10554539.6,2945840.91
br=0.1_btcRN=100000_ethRN=100000_flow=75%_start=d63_adl=off_emOn,True,0.75,63,False,0.1,15000.0,1384615385.0,100000.0,0.1,15000.0,923076923.0,100000.0,0.01,2177414,1808693,83.07,4999998.67,5173672077.11,72330316.17,871384.5,85854602.39,7652903.05,-78201699.35,12678578.68,7652903.05,751534.27,5000000.0,96775335700.51,4795540136.89,34.8488,0.01398,0.016595,83276561.1,0.0,0,0,0,0,0.0,0,2819477.97,2206197.66,1690524,486890,1365045,443648,80.747,91.119,58683615.11,27170987.28,5892310.52,1760592.53
br=0.1_btcRN=100000_ethRN=100000_flow=75%_start=d63_adl=on_emOff,False,0.75,63,True,0.1,15000.0,1384615385.0,100000.0,0.1,15000.0,923076923.0,100000.0,0.01,2177414,1808693,83.07,4999996.2,6812453870.72,126987021.43,1493114.49,147034292.77,13554160.65,-133480132.13,18599699.98,13554160.65,751534.27,5000000.0,173621292837.01,4795540136.89,20.5901,0.01864,0.021583,144454878.15,0.0,0,0,0,0,0.0,0,2371353.26,2674186.07,1690524,486890,1365045,443648,80.747,91.119,101369036.29,45665256.49,10602586.87,2951573.77
br=0.1_btcRN=100000_ethRN=100000_flow=75%_start=d63_adl=on_emOn,True,0.75,63,True,0.1,15000.0,1384615385.0,100000.0,0.1,15000.0,923076923.0,100000.0,0.01,2177414,1808693,83.07,4999998.67,5173672077.11,72280909.31,871440.25,85854602.39,7702254.15,-78152348.24,12728041.29,7702254.15,751534.27,5000000.0,96775335700.51,4795540136.89,34.8488,0.013971,0.016595,83276561.1,0.0,0,0,0,0,0.0,0,2808033.51,2217753.62,1690524,486890,1365045,443648,80.747,91.119,58683615.11,27170987.28,5936276.82,1765977.33
br=0.1_btcRN=100000_ethRN=100000_flow=75%_start=d70_adl=off_emOff,False,0.75,70,False,0.1,15000.0,1384615385.0,100000.0,0.1,15000.0,923076923.0,100000.0,0.01,2101825,1748981,83.21,4999996.2,6641702284.67,121719001.19,1427084.39,140601122.24,12455040.45,-128146081.79,17497183.0,12455040.45,2668862.1,5000000.0,165471604812.44,4795540136.89,21.555,0.018326,0.021169,138468350.63,0.0,0,0,0,0,0.0,0,2069449.87,2972692.67,1636741,465084,1324851,424130,80.944,91.194,97067904.58,43533217.66,9841075.43,2613965.02
br=0.1_btcRN=100000_ethRN=100000_flow=75%_start=d70_adl=off_emOn,True,0.75,70,False,0.1,15000.0,1384615385.0,100000.0,0.1,15000.0,923076923.0,100000.0,0.01,2101825,1748981,83.21,4999998.64,5046047748.08,70260725.97,842322.07,83054154.4,6951107.72,-76103046.68,11974667.41,6951107.72,2668862.1,5000000.0,93258455520.29,4795540136.89,35.6701,0.013924,0.016459,80922674.09,0.0,0,0,0,0,0.0,0,2468577.45,2554982.24,1636741,465084,1324851,424130,80.944,91.194,56794127.32,26260027.08,5438848.43,1512259.28
br=0.1_btcRN=100000_ethRN=100000_flow=75%_start=d70_adl=on_emOff,False,0.75,70,True,0.1,15000.0,1384615385.0,100000.0,0.1,15000.0,923076923.0,100000.0,0.01,2101825,1748981,83.21,4999996.2,6645727557.88,121665160.32,1427145.12,140601122.24,12508820.59,-128092301.65,17551084.6,12508820.59,2619818.43,5000000.0,165471604812.44,4795540136.89,21.5635,0.018307,0.021157,138417034.52,0.0,0,0,0,0,0.0,0,2042906.84,2999357.17,1636741,465084,1324851,424130,80.944,91.194,97067904.58,43533217.66,9889122.71,2619697.88
br=0.1_btcRN=100000_ethRN=100000_flow=75%_start=d70_adl=on_emOn,True,0.75,70,True,0.1,15000.0,1384615385.0,100000.0,0.1,15000.0,923076923.0,100000.0,0.01,2101825,1748981,83.21,4999998.64,5050456946.42,70235962.61,842697.04,83085220.67,7006562.38,-76078658.29,12030250.68,7006562.38,2619818.43,5000000.0,93297653000.64,4795540136.89,35.6773,0.013907,0.016451,80902423.54,0.0,0,0,0,0,0.0,0,2451272.1,2572416.2,1636741,465084,1324851,424130,80.944,91.194,56814732.67,26270488.0,5487889.04,1518673.34
br=0.1_btcRN=100000_ethRN=100000_flow=75%_start=d77_adl=off_emOff,False,0.75,77,False,0.1,15000.0,1384615385.0,100000.0,0.1,15000.0,923076923.0,100000.0,0.01,1997504,1655636,82.89,4999996.2,6426917413.11,112684693.55,1327551.03,130767013.8,11754773.02,-119012240.78,16794531.0,11754773.02,954624.54,5000000.0,153411309073.62,3610251699.59,23.3074,0.017533,0.020347,128561780.0,0.0,0,0,0,0,0.0,0,2350686.13,2689071.86,1567641,429863,1264970,390666,80.693,90.882,91203110.73,39563903.07,9315691.52,2439081.5
br=0.1_btcRN=100000_ethRN=100000_flow=75%_start=d77_adl=off_emOn,True,0.75,77,False,0.1,15000.0,1384615385.0,100000.0,0.1,15000.0,923076923.0,100000.0,0.01,1997504,1655636,82.89,4999998.59,4908451308.93,66525287.7,803010.24,79146159.21,6817862.68,-72328296.53,11840958.56,6817862.68,954624.54,5000000.0,88726063555.99,3610251699.59,37.1266,0.013553,0.016124,76942079.6,0.0,0,0,0,0,0.0,0,2729684.03,2293411.85,1567641,429863,1264970,390666,80.693,90.882,54924615.5,24221543.71,5347311.14,1470551.55
br=0.1_btcRN=100000_ethRN=100000_flow=75%_start=d77_adl=on_emOff,False,0.75,77,True,0.1,15000.0,1384615385.0,100000.0,0.1,15000.0,923076923.0,100000.0,0.01,1997504,1655636,82.89,4999996.2,6426917413.11,112679883.67,1327556.37,130767013.8,11759577.56,-119007436.24,16799346.22,11759577.56,954624.54,5000000.0,153411309073.62,3610251699.59,23.3074,0.017532,0.020347,128561780.0,0.0,0,0,0,0,0.0,0,2348352.99,2691415.68,1567641,429863,1264970,390666,80.693,90.882,91203110.73,39563903.07,9320491.74,2439085.82
br=0.1_btcRN=100000_ethRN=100000_flow=75%_start=d77_adl=on_emOn,True,0.75,77,True,0.1,15000.0,1384615385.0,100000.0,0.1,15000.0,923076923.0,100000.0,0.01,1997504,1655636,82.89,4999998.59,4908451308.93,66521280.78,803014.69,79146159.21,6821865.15,-72324294.06,11844969.93,6821865.15,954624.54,5000000.0,88726063555.99,3610251699.59,37.1266,0.013552,0.016124,76942079.6,0.0,0,0,0,0,0.0,0,2727724.51,2295380.27,1567641,429863,1264970,390666,80.693,90.882,54924615.5,24221543.71,5351311.93,1470553.22
br=0.1_btcRN=100000_ethRN=100000_flow=75%_start=d7_adl=off_emOff,False,0.75,7,False,0.1,15000.0,1384615385.0,100000.0,0.1,15000.0,923076923.0,100000.0,0.01,2657866,2209328,83.12,4999996.2,7781055230.24,179637005.98,2094007.56,206106299.74,19375290.0,-186731009.74,24441175.33,19375290.0,791824.05,5000000.0,254511135541.79,4795540136.89,13.7326,0.023086,0.026488,203821291.59,0.0,0,0,0,0,0.0,0,734038.5,4331846.82,1940862,717004,1553551,655777,80.044,91.461,125804062.74,80302237.0,13383552.25,5991737.75
br=0.1_btcRN=100000_ethRN=100000_flow=75%_start=d7_adl=off_emOn,True,0.75,7,False,0.1,15000.0,1384615385.0,100000.0,0.1,15000.0,923076923.0,100000.0,0.01,2657866,2209328,83.12,4999998.91,5817635967.78,91334269.45,1085378.66,106920247.36,9500600.34,-97419647.02,14532951.63,9500600.34,791824.05,5000000.0,125380039721.92,4795540136.89,28.5362,0.0157,0.018379,104637895.0,0.0,0,0,0,0,0.0,0,1318943.5,3713407.79,1940862,717004,1553551,655777,80.044,91.461,60626849.0,46293398.36,6080454.04,3420146.3
br=0.1_btcRN=100000_ethRN=100000_flow=75%_start=d7_adl=on_emOff,False,0.75,7,True,0.1,15000.0,1384615385.0,100000.0,0.1,15000.0,923076923.0,100000.0,0.01,2657866,2209328,83.12,4999996.2,7781055230.24,179583165.1,2094068.29,206106299.74,19429070.14,-186677229.59,24495076.93,19429070.14,791824.05,5000000.0,254511135541.79,4795540136.89,13.7326,0.02308,0.026488,203821291.59,0.0,0,0,0,0,0.0,0,721259.02,4344747.77,1940862,717004,1553551,655777,80.044,91.461,125804062.74,80302237.0,13431599.53,5997470.61
br=0.1_btcRN=100000_ethRN=100000_flow=75%_start=d7_adl=on_emOn,True,0.75,7,True,0.1,15000.0,1384615385.0,100000.0,0.1,15000.0,923076923.0,100000.0,0.01,2657866,2209328,83.12,4999998.91,5817635967.78,91306892.58,1085409.55,106920247.36,9527946.32,-97392301.04,14560359.38,9527946.32,791824.05,5000000.0,125380039721.92,4795540136.89,28.5362,0.015695,0.018379,104637895.0,0.0,0,0,0,0,0.0,0,1312525.66,3719887.4,1940862,717004,1553551,655777,80.044,91.461,60626849.0,46293398.36,6104849.58,3423096.74
br=0.1_btcRN=100000_ethRN=100000_flow=75%_start=d84_adl=off_emOff,False,0.75,84,False,0.1,15000.0,1384615385.0,100000.0,0.1,15000.0,923076923.0,100000.0,0.01,1908532,1583106,82.95,4999996.2,6282644815.82,106542035.81,1258161.18,123933488.78,11133295.59,-112800193.19,16170944.37,11133295.59,532633.77,5000000.0,144637296220.39,3610251699.59,24.6966,0.016958,0.019726,121469575.73,0.0,0,0,0,0,0.0,0,2389007.33,2648641.45,1503946,404586,1214965,368141,80.785,90.992,86694903.14,37238585.64,8817339.08,2315956.52
br=0.1_btcRN=100000_ethRN=100000_flow=75%_start=d84_adl=off_emOn,True,0.75,84,False,0.1,15000.0,1384615385.0,100000.0,0.1,15000.0,923076923.0,100000.0,0.01,1908532,1583106,82.95,4999998.54,4823727143.24,64100701.01,775867.91,76470135.54,6593568.09,-69876567.45,11615899.73,6593568.09,532633.77,5000000.0,85176676608.43,3610251699.59,38.2584,0.013289,0.015853,74007280.18,0.0,0,0,0,0,0.0,0,2735770.5,2286561.15,1503946,404586,1214965,368141,80.785,90.992,53255362.69,23214772.85,5151664.87,1441903.22
br=0.1_btcRN=100000_ethRN=100000_flow=75%_start=d84_adl=on_emOff,False,0.75,84,True,0.1,15000.0,1384615385.0,100000.0,0.1,15000.0,923076923.0,100000.0,0.01,1908532,1583106,82.95,4999996.2,6282644815.82,106537225.93,1258166.52,123933488.78,11138100.14,-112795388.65,16175759.6,11138100.14,532633.77,5000000.0,144637296220.39,3610251699.59,24.6966,0.016957,0.019726,121469575.73,0.0,0,0,0,0,0.0,0,2386674.19,2650985.27,1503946,404586,1214965,368141,80.785,90.992,86694903.14,37238585.64,8822139.29,2315960.84
br=0.1_btcRN=100000_ethRN=100000_flow=75%_start=d84_adl=on_emOn,True,0.75,84,True,0.1,15000.0,1384615385.0,100000.0,0.1,15000.0,923076923.0,100000.0,0.01,1908532,1583106,82.95,4999998.54,4823727143.24,64096274.64,775872.82,76470135.54,6597989.54,-69872146.0,11620331.01,6597989.54,532633.77,5000000.0,85176676608.43,3610251699.59,38.2584,0.013288,0.015853,74007280.18,0.0,0,0,0,0,0.0,0,2733603.93,2288737.54,1503946,404586,1214965,368141,80.785,90.992,53255362.69,23214772.85,5156084.59,1441904.95
br=0.1_btcRN=100000_ethRN=100000_flow=75%_start=d91_adl=off_emOff,False,0.75,91,False,0.1,15000.0,1384615385.0,100000.0,0.1,15000.0,923076923.0,100000.0,0.01,1838059,1525655,83.0,4999996.2,6144603209.55,102202230.02,1207375.48,118965595.16,10555993.46,-108409601.7,15532478.67,10555993.46,623624.63,5000000.0,138824856555.65,3610251699.59,25.7076,0.016633,0.019361,116673887.52,32346.91,47,77,77,0,0.0,0.0,2412009.37,2564475.84,1454660,383399,1176221,349434,80.859,91.141,83548391.46,35417203.71,8428201.99,2127791.47
br=0.1_btcRN=100000_ethRN=100000_flow=75%_start=d91_adl=off_emOn,True,0.75,91,False,0.1,15000.0,1384615385.0,100000.0,0.1,15000.0,923076923.0,100000.0,0.01,1838059,1525655,83.0,4999998.51,4728101507.76,62243277.76,753188.63,74269640.5,6273175.6,-67996464.9,11235208.5,6273175.6,623624.63,5000000.0,82832202245.05,3610251699.59,39.0711,0.013165,0.015708,71978930.76,32346.91,47,77,77,0,0.0,0.0,2746694.48,2215338.42,1454660,383399,1176221,349434,80.859,91.141,52015511.87,22254128.63,4961820.87,1311354.72
br=0.1_btcRN=100000_ethRN=100000_flow=75%_start=d91_adl=on_emOff,False,0.75,91,True,0.1,15000.0,1384615385.0,100000.0,0.1,15000.0,923076923.0,100000.0,0.01,1838059,1525655,83.0,4999996.2,6144603209.55,102197420.14,1207380.82,118965595.16,10560798.0,-108404797.16,15537293.89,10560798.0,623624.63,5000000.0,138824856555.65,3610251699.59,25.7076,0.016632,0.019361,116673887.52,32346.91,47,77,77,0,0.0,0.0,2410528.36,2565967.53,1454660,383399,1176221,349434,80.859,91.141,83548391.46,35417203.71,8433002.21,2127795.79
br=0.1_btcRN=100000_ethRN=100000_flow=75%_start=d91_adl=on_emOn,True,0.75,91,True,0.1,15000.0,1384615385.0,100000.0,0.1,15000.0,923076923.0,100000.0,0.01,1838059,1525655,83.0,4999998.51,4728101507.76,62238502.63,753193.93,74269640.5,6277945.43,-67991695.07,11239988.94,6277945.43,623624.63,5000000.0,82832202245.05,3610251699.59,39.0711,0.013164,0.015708,71978930.76,32346.91,47,77,77,0,0.0,0.0,2744824.44,2217219.07,1454660,383399,1176221,349434,80.859,91.141,52015511.87,22254128.63,4966588.94,1311356.49
br=0.1_btcRN=100000_ethRN=100000_flow=75%_start=d98_adl=off_emOff,False,0.75,98,False,0.1,15000.0,1384615385.0,100000.0,0.1,15000.0,923076923.0,100000.0,0.01,1762164,1460500,82.88,4999996.2,5984395098.15,96660630.37,1146128.24,112907569.08,10100814.26,-102806754.82,15134915.57,10100814.26,766322.39,5000000.0,131482775477.54,3326991054.32,27.0747,0.016152,0.018867,110621244.64,0.0,0,0,0,0,0.0,0,2542126.19,2491975.11,1400194,361970,1131071,329429,80.78,91.01,79616530.86,33291038.23,8100657.04,2000157.23
br=0.1_btcRN=100000_ethRN=100000_flow=75%_start=d98_adl=off_emOn,True,0.75,98,False,0.1,15000.0,1384615385.0,100000.0,0.1,15000.0,923076923.0,100000.0,0.01,1762164,1460500,82.88,4999998.47,4623718507.4,59770004.68,726799.7,71642463.48,6145660.63,-65496802.85,11166409.23,6145660.63,766322.39,5000000.0,79769130675.99,3326991054.32,40.1605,0.012927,0.015495,69357062.6,0.0,0,0,0,0,0.0,0,2856297.18,2164451.42,1400194,361970,1131071,329429,80.78,91.01,50463085.8,21179377.68,4891289.74,1254370.89
br=0.1_btcRN=100000_ethRN=100000_flow=75%_start=d98_adl=on_emOff,False,0.75,98,True,0.1,15000.0,1384615385.0,100000.0,0.1,15000.0,923076923.0,100000.0,0.01,1762164,1460500,82.88,4999996.2,5984395098.15,96660521.61,1146128.36,112907569.08,10100922.91,-102806646.17,15135024.45,10100922.91,766322.39,5000000.0,131482775477.54,3326991054.32,27.0747,0.016152,0.018867,110621244.64,0.0,0,0,0,0,0.0,0,2542100.9,2492000.65,1400194,361970,1131071,329429,80.78,91.01,79616530.86,33291038.23,8100761.36,2000161.55
br=0.1_btcRN=100000_ethRN=100000_flow=75%_start=d98_adl=on_emOn,True,0.75,98,True,0.1,15000.0,1384615385.0,100000.0,0.1,15000.0,923076923.0,100000.0,0.01,1762164,1460500,82.88,4999998.47,4623718507.4,59769923.74,726799.79,71642463.48,6145741.48,-65496722.0,11166490.26,6145741.48,766322.39,5000000.0,79769130675.99,3326991054.32,40.1605,0.012927,0.015495,69357062.6,0.0,0,0,0,0,0.0,0,2856297.36,2164451.42,1400194,361970,1131071,329429,80.78,91.01,50463085.8,21179377.68,4891368.77,1254372.71
